id,ground_truth
40000,0
40001,0
40002,1
40003,0
40004,1
40005,0
40006,0
40007,0
40008,0
40009,0
40010,0
40011,0
40012,0
40013,1
40014,0
40015,0
40016,0
40017,0
40018,0
40019,0
40020,0
40021,0
40022,0
40023,0
40024,0
40025,0
40026,0
40027,0
40028,0
40029,0
40030,0
40031,0
40032,0
40033,0
40034,0
40035,0
40036,0
40037,0
40038,0
40039,0
40040,0
40041,0
40042,0
40043,0
40044,0
40045,0
40046,0
40047,0
40048,0
40049,0
40050,0
40051,0
40052,0
40053,0
40054,0
40055,1
40056,0
40057,0
40058,0
40059,0
40060,0
40061,0
40062,0
40063,0
40064,0
40065,0
40066,0
40067,0
40068,0
40069,1
40070,0
40071,0
40072,0
40073,0
40074,0
40075,0
40076,0
40077,0
40078,0
40079,0
40080,0
40081,0
40082,0
40083,0
40084,0
40085,0
40086,0
40087,0
40088,0
40089,0
40090,0
40091,0
40092,0
40093,0
40094,0
40095,0
40096,0
40097,0
40098,0
40099,0
40100,0
40101,0
40102,0
40103,0
40104,0
40105,0
40106,0
40107,0
40108,0
40109,0
40110,0
40111,0
40112,0
40113,0
40114,0
40115,0
40116,0
40117,0
40118,0
40119,1
40120,0
40121,0
40122,0
40123,0
40124,0
40125,0
40126,0
40127,0
40128,0
40129,0
40130,0
40131,0
40132,0
40133,0
40134,0
40135,0
40136,0
40137,0
40138,0
40139,0
40140,0
40141,0
40142,0
40143,0
40144,0
40145,0
40146,0
40147,0
40148,0
40149,0
40150,0
40151,0
40152,0
40153,0
40154,0
40155,0
40156,0
40157,0
40158,0
40159,0
40160,0
40161,0
40162,0
40163,0
40164,0
40165,0
40166,0
40167,0
40168,0
40169,0
40170,0
40171,0
40172,0
40173,0
40174,0
40175,0
40176,0
40177,0
40178,0
40179,0
40180,0
40181,0
40182,1
40183,0
40184,0
40185,0
40186,0
40187,0
40188,0
40189,0
40190,0
40191,0
40192,0
40193,0
40194,0
40195,0
40196,0
40197,0
40198,0
40199,0
40200,0
40201,0
40202,0
40203,0
40204,0
40205,0
40206,0
40207,0
40208,0
40209,0
40210,0
40211,0
40212,0
40213,0
40214,0
40215,0
40216,0
40217,0
40218,0
40219,0
40220,0
40221,0
40222,0
40223,0
40224,0
40225,0
40226,0
40227,0
40228,0
40229,0
40230,0
40231,1
40232,0
40233,0
40234,0
40235,0
40236,0
40237,0
40238,0
40239,0
40240,0
40241,0
40242,0
40243,0
40244,0
40245,0
40246,0
40247,0
40248,0
40249,0
40250,0
40251,0
40252,0
40253,0
40254,0
40255,0
40256,0
40257,0
40258,0
40259,0
40260,0
40261,0
40262,0
40263,0
40264,0
40265,0
40266,0
40267,0
40268,0
40269,0
40270,0
40271,0
40272,0
40273,0
40274,0
40275,0
40276,0
40277,1
40278,0
40279,0
40280,0
40281,0
40282,0
40283,0
40284,0
40285,0
40286,0
40287,0
40288,0
40289,0
40290,0
40291,0
40292,0
40293,0
40294,0
40295,0
40296,0
40297,0
40298,0
40299,0
40300,0
40301,0
40302,0
40303,0
40304,0
40305,0
40306,0
40307,0
40308,0
40309,0
40310,0
40311,0
40312,0
40313,0
40314,0
40315,0
40316,0
40317,0
40318,0
40319,0
40320,0
40321,0
40322,0
40323,0
40324,0
40325,0
40326,0
40327,0
40328,0
40329,0
40330,0
40331,0
40332,0
40333,1
40334,0
40335,0
40336,0
40337,0
40338,0
40339,0
40340,0
40341,0
40342,0
40343,0
40344,0
40345,0
40346,0
40347,0
40348,0
40349,0
40350,0
40351,0
40352,0
40353,0
40354,0
40355,0
40356,0
40357,1
40358,0
40359,0
40360,0
40361,0
40362,0
40363,0
40364,0
40365,0
40366,0
40367,0
40368,0
40369,0
40370,0
40371,0
40372,0
40373,0
40374,0
40375,0
40376,0
40377,0
40378,0
40379,0
40380,0
40381,0
40382,0
40383,0
40384,0
40385,0
40386,0
40387,0
40388,0
40389,0
40390,0
40391,0
40392,0
40393,0
40394,0
40395,0
40396,0
40397,0
40398,0
40399,0
40400,0
40401,1
40402,0
40403,0
40404,0
40405,0
40406,0
40407,0
40408,0
40409,0
40410,0
40411,0
40412,0
40413,0
40414,0
40415,0
40416,0
40417,0
40418,0
40419,0
40420,0
40421,0
40422,0
40423,0
40424,0
40425,0
40426,0
40427,0
40428,0
40429,0
40430,0
40431,0
40432,0
40433,0
40434,0
40435,0
40436,0
40437,0
40438,0
40439,0
40440,0
40441,0
40442,0
40443,0
40444,0
40445,0
40446,0
40447,0
40448,0
40449,0
40450,0
40451,0
40452,0
40453,0
40454,0
40455,0
40456,0
40457,0
40458,0
40459,0
40460,0
40461,0
40462,0
40463,0
40464,0
40465,0
40466,0
40467,0
40468,0
40469,0
40470,0
40471,0
40472,0
40473,0
40474,0
40475,0
40476,0
40477,0
40478,0
40479,0
40480,0
40481,1
40482,0
40483,0
40484,1
40485,0
40486,0
40487,0
40488,0
40489,0
40490,0
40491,0
40492,0
40493,0
40494,0
40495,0
40496,0
40497,0
40498,0
40499,0
40500,0
40501,0
40502,0
40503,0
40504,0
40505,0
40506,0
40507,0
40508,0
40509,0
40510,1
40511,0
40512,0
40513,0
40514,0
40515,0
40516,0
40517,0
40518,1
40519,0
40520,0
40521,0
40522,0
40523,0
40524,0
40525,0
40526,0
40527,0
40528,0
40529,0
40530,0
40531,0
40532,0
40533,0
40534,0
40535,0
40536,0
40537,0
40538,0
40539,0
40540,0
40541,0
40542,0
40543,0
40544,0
40545,0
40546,0
40547,0
40548,0
40549,0
40550,0
40551,0
40552,0
40553,0
40554,0
40555,0
40556,0
40557,0
40558,0
40559,0
40560,0
40561,0
40562,0
40563,0
40564,0
40565,0
40566,0
40567,0
40568,0
40569,0
40570,0
40571,0
40572,0
40573,0
40574,0
40575,0
40576,0
40577,0
40578,0
40579,0
40580,0
40581,0
40582,0
40583,0
40584,0
40585,0
40586,0
40587,0
40588,0
40589,0
40590,0
40591,0
40592,0
40593,0
40594,0
40595,0
40596,0
40597,0
40598,0
40599,0
40600,0
40601,0
40602,1
40603,0
40604,0
40605,0
40606,0
40607,0
40608,0
40609,0
40610,0
40611,0
40612,0
40613,0
40614,0
40615,0
40616,0
40617,0
40618,0
40619,0
40620,0
40621,0
40622,0
40623,0
40624,0
40625,0
40626,0
40627,0
40628,0
40629,1
40630,0
40631,0
40632,0
40633,0
40634,0
40635,0
40636,0
40637,0
40638,0
40639,0
40640,0
40641,0
40642,0
40643,0
40644,0
40645,0
40646,0
40647,0
40648,0
40649,0
40650,0
40651,0
40652,0
40653,0
40654,0
40655,0
40656,0
40657,0
40658,0
40659,0
40660,0
40661,0
40662,0
40663,0
40664,0
40665,0
40666,0
40667,0
40668,0
40669,0
40670,0
40671,0
40672,1
40673,0
40674,0
40675,0
40676,0
40677,0
40678,0
40679,0
40680,0
40681,0
40682,0
40683,0
40684,0
40685,0
40686,0
40687,0
40688,0
40689,0
40690,0
40691,0
40692,0
40693,0
40694,0
40695,0
40696,0
40697,0
40698,0
40699,0
40700,0
40701,0
40702,0
40703,0
40704,0
40705,0
40706,0
40707,1
40708,0
40709,0
40710,0
40711,0
40712,0
40713,0
40714,0
40715,0
40716,0
40717,0
40718,0
40719,0
40720,0
40721,0
40722,0
40723,0
40724,0
40725,0
40726,0
40727,0
40728,0
40729,0
40730,1
40731,0
40732,0
40733,0
40734,0
40735,0
40736,0
40737,0
40738,0
40739,0
40740,0
40741,0
40742,0
40743,0
40744,0
40745,0
40746,0
40747,0
40748,0
40749,0
40750,0
40751,0
40752,0
40753,0
40754,0
40755,0
40756,1
40757,0
40758,0
40759,0
40760,0
40761,0
40762,0
40763,0
40764,0
40765,0
40766,1
40767,0
40768,0
40769,0
40770,0
40771,0
40772,0
40773,0
40774,0
40775,0
40776,0
40777,0
40778,0
40779,0
40780,0
40781,0
40782,0
40783,0
40784,0
40785,0
40786,0
40787,0
40788,0
40789,0
40790,0
40791,0
40792,0
40793,0
40794,0
40795,0
40796,0
40797,0
40798,0
40799,0
40800,0
40801,0
40802,0
40803,0
40804,0
40805,0
40806,0
40807,0
40808,0
40809,0
40810,0
40811,0
40812,0
40813,0
40814,0
40815,0
40816,0
40817,0
40818,0
40819,0
40820,0
40821,0
40822,0
40823,0
40824,0
40825,0
40826,0
40827,0
40828,0
40829,0
40830,0
40831,0
40832,0
40833,0
40834,0
40835,0
40836,0
40837,0
40838,0
40839,0
40840,0
40841,0
40842,0
40843,0
40844,0
40845,0
40846,0
40847,0
40848,0
40849,0
40850,0
40851,0
40852,0
40853,0
40854,0
40855,0
40856,0
40857,1
40858,0
40859,0
40860,0
40861,1
40862,0
40863,0
40864,0
40865,0
40866,0
40867,0
40868,0
40869,0
40870,0
40871,0
40872,0
40873,0
40874,0
40875,0
40876,0
40877,0
40878,0
40879,0
40880,0
40881,0
40882,0
40883,0
40884,0
40885,0
40886,0
40887,0
40888,0
40889,0
40890,0
40891,0
40892,0
40893,0
40894,0
40895,0
40896,0
40897,0
40898,0
40899,0
40900,0
40901,0
40902,0
40903,0
40904,0
40905,0
40906,0
40907,0
40908,0
40909,0
40910,0
40911,0
40912,0
40913,0
40914,0
40915,0
40916,0
40917,0
40918,0
40919,0
40920,0
40921,0
40922,0
40923,0
40924,0
40925,0
40926,0
40927,0
40928,0
40929,0
40930,0
40931,0
40932,0
40933,0
40934,0
40935,0
40936,0
40937,0
40938,0
40939,0
40940,0
40941,0
40942,0
40943,0
40944,0
40945,0
40946,0
40947,0
40948,0
40949,0
40950,0
40951,0
40952,0
40953,0
40954,0
40955,0
40956,0
40957,0
40958,0
40959,0
40960,0
40961,0
40962,0
40963,0
40964,0
40965,0
40966,0
40967,0
40968,0
40969,0
40970,0
40971,1
40972,0
40973,0
40974,0
40975,0
40976,0
40977,0
40978,0
40979,0
40980,0
40981,0
40982,0
40983,0
40984,0
40985,0
40986,0
40987,0
40988,0
40989,0
40990,0
40991,0
40992,0
40993,0
40994,0
40995,0
40996,0
40997,0
40998,0
40999,0
41000,0
41001,0
41002,0
41003,0
41004,0
41005,0
41006,0
41007,0
41008,0
41009,0
41010,0
41011,0
41012,0
41013,0
41014,0
41015,0
41016,0
41017,0
41018,0
41019,0
41020,0
41021,0
41022,0
41023,0
41024,0
41025,0
41026,0
41027,0
41028,0
41029,0
41030,0
41031,0
41032,0
41033,0
41034,0
41035,0
41036,0
41037,0
41038,0
41039,0
41040,0
41041,0
41042,0
41043,0
41044,0
41045,0
41046,0
41047,0
41048,0
41049,0
41050,0
41051,0
41052,0
41053,0
41054,0
41055,0
41056,0
41057,0
41058,0
41059,0
41060,0
41061,0
41062,0
41063,0
41064,0
41065,0
41066,0
41067,0
41068,0
41069,0
41070,0
41071,0
41072,0
41073,0
41074,0
41075,0
41076,0
41077,0
41078,0
41079,0
41080,0
41081,0
41082,0
41083,0
41084,0
41085,0
41086,0
41087,0
41088,0
41089,0
41090,0
41091,0
41092,0
41093,0
41094,0
41095,0
41096,0
41097,0
41098,0
41099,0
41100,0
41101,0
41102,0
41103,0
41104,0
41105,0
41106,0
41107,0
41108,0
41109,0
41110,0
41111,0
41112,0
41113,0
41114,0
41115,0
41116,0
41117,0
41118,0
41119,0
41120,0
41121,0
41122,0
41123,0
41124,0
41125,0
41126,1
41127,0
41128,0
41129,0
41130,0
41131,0
41132,0
41133,0
41134,0
41135,0
41136,0
41137,0
41138,0
41139,0
41140,0
41141,0
41142,0
41143,0
41144,0
41145,0
41146,0
41147,0
41148,0
41149,0
41150,0
41151,0
41152,0
41153,0
41154,0
41155,0
41156,0
41157,0
41158,0
41159,0
41160,0
41161,0
41162,0
41163,0
41164,0
41165,0
41166,0
41167,0
41168,0
41169,0
41170,0
41171,0
41172,0
41173,0
41174,0
41175,0
41176,0
41177,0
41178,0
41179,0
41180,0
41181,0
41182,0
41183,0
41184,0
41185,0
41186,0
41187,0
41188,0
41189,0
41190,0
41191,0
41192,0
41193,0
41194,0
41195,0
41196,0
41197,0
41198,0
41199,0
41200,0
41201,0
41202,0
41203,0
41204,0
41205,0
41206,0
41207,0
41208,0
41209,0
41210,0
41211,0
41212,0
41213,0
41214,0
41215,0
41216,0
41217,0
41218,0
41219,0
41220,0
41221,0
41222,0
41223,0
41224,0
41225,0
41226,0
41227,0
41228,0
41229,1
41230,0
41231,0
41232,0
41233,0
41234,0
41235,0
41236,0
41237,0
41238,0
41239,0
41240,0
41241,0
41242,0
41243,0
41244,0
41245,0
41246,0
41247,0
41248,0
41249,0
41250,0
41251,0
41252,0
41253,0
41254,0
41255,0
41256,0
41257,0
41258,0
41259,0
41260,0
41261,0
41262,0
41263,0
41264,0
41265,0
41266,0
41267,0
41268,0
41269,0
41270,0
41271,0
41272,0
41273,0
41274,0
41275,0
41276,0
41277,0
41278,0
41279,0
41280,0
41281,0
41282,0
41283,1
41284,0
41285,0
41286,0
41287,0
41288,0
41289,0
41290,0
41291,0
41292,0
41293,0
41294,0
41295,0
41296,0
41297,0
41298,0
41299,0
41300,0
41301,0
41302,0
41303,0
41304,0
41305,0
41306,0
41307,0
41308,0
41309,0
41310,0
41311,0
41312,0
41313,0
41314,0
41315,0
41316,0
41317,0
41318,0
41319,0
41320,0
41321,0
41322,0
41323,0
41324,0
41325,0
41326,0
41327,0
41328,0
41329,0
41330,0
41331,0
41332,0
41333,0
41334,0
41335,0
41336,0
41337,0
41338,0
41339,0
41340,0
41341,0
41342,0
41343,0
41344,0
41345,0
41346,0
41347,0
41348,0
41349,0
41350,0
41351,0
41352,0
41353,0
41354,0
41355,0
41356,0
41357,0
41358,0
41359,0
41360,0
41361,0
41362,0
41363,0
41364,0
41365,0
41366,0
41367,0
41368,0
41369,0
41370,0
41371,0
41372,0
41373,0
41374,0
41375,0
41376,0
41377,0
41378,0
41379,0
41380,0
41381,0
41382,0
41383,0
41384,0
41385,0
41386,0
41387,0
41388,0
41389,0
41390,0
41391,0
41392,0
41393,0
41394,0
41395,0
41396,0
41397,0
41398,0
41399,0
41400,0
41401,0
41402,0
41403,0
41404,0
41405,0
41406,0
41407,1
41408,0
41409,0
41410,0
41411,0
41412,0
41413,0
41414,0
41415,0
41416,0
41417,0
41418,0
41419,0
41420,0
41421,0
41422,0
41423,0
41424,0
41425,0
41426,0
41427,0
41428,0
41429,0
41430,1
41431,0
41432,0
41433,0
41434,0
41435,0
41436,0
41437,0
41438,0
41439,0
41440,0
41441,0
41442,0
41443,0
41444,0
41445,0
41446,0
41447,0
41448,0
41449,0
41450,0
41451,0
41452,0
41453,0
41454,0
41455,0
41456,0
41457,0
41458,0
41459,0
41460,1
41461,0
41462,0
41463,0
41464,0
41465,1
41466,1
41467,0
41468,0
41469,0
41470,0
41471,1
41472,0
41473,0
41474,0
41475,0
41476,0
41477,0
41478,0
41479,0
41480,0
41481,0
41482,0
41483,0
41484,0
41485,0
41486,0
41487,0
41488,0
41489,0
41490,0
41491,0
41492,0
41493,0
41494,0
41495,0
41496,0
41497,0
41498,0
41499,0
41500,0
41501,0
41502,0
41503,0
41504,0
41505,0
41506,0
41507,0
41508,0
41509,0
41510,0
41511,0
41512,0
41513,0
41514,0
41515,0
41516,0
41517,1
41518,0
41519,0
41520,0
41521,0
41522,0
41523,0
41524,0
41525,0
41526,0
41527,0
41528,0
41529,0
41530,0
41531,0
41532,0
41533,0
41534,0
41535,0
41536,0
41537,0
41538,0
41539,0
41540,0
41541,0
41542,0
41543,0
41544,0
41545,0
41546,0
41547,0
41548,0
41549,0
41550,0
41551,0
41552,0
41553,0
41554,0
41555,0
41556,0
41557,0
41558,0
41559,0
41560,0
41561,0
41562,0
41563,0
41564,0
41565,0
41566,0
41567,0
41568,0
41569,0
41570,0
41571,0
41572,0
41573,0
41574,0
41575,0
41576,0
41577,0
41578,0
41579,0
41580,0
41581,0
41582,0
41583,0
41584,0
41585,0
41586,0
41587,0
41588,0
41589,0
41590,0
41591,0
41592,0
41593,0
41594,0
41595,0
41596,0
41597,0
41598,0
41599,0
41600,0
41601,0
41602,0
41603,0
41604,0
41605,0
41606,0
41607,0
41608,0
41609,0
41610,0
41611,0
41612,0
41613,0
41614,0
41615,0
41616,0
41617,0
41618,0
41619,0
41620,0
41621,0
41622,0
41623,0
41624,0
41625,1
41626,0
41627,0
41628,0
41629,0
41630,0
41631,0
41632,0
41633,0
41634,0
41635,0
41636,0
41637,0
41638,0
41639,1
41640,0
41641,0
41642,0
41643,0
41644,0
41645,0
41646,1
41647,1
41648,0
41649,0
41650,0
41651,0
41652,0
41653,0
41654,0
41655,0
41656,0
41657,0
41658,0
41659,0
41660,0
41661,0
41662,0
41663,0
41664,0
41665,0
41666,0
41667,0
41668,0
41669,0
41670,0
41671,0
41672,0
41673,0
41674,0
41675,0
41676,0
41677,0
41678,0
41679,0
41680,0
41681,0
41682,0
41683,0
41684,0
41685,0
41686,0
41687,0
41688,0
41689,0
41690,1
41691,0
41692,0
41693,0
41694,0
41695,0
41696,0
41697,0
41698,0
41699,0
41700,0
41701,0
41702,0
41703,0
41704,0
41705,0
41706,0
41707,0
41708,0
41709,0
41710,0
41711,0
41712,0
41713,0
41714,0
41715,0
41716,0
41717,0
41718,0
41719,0
41720,0
41721,0
41722,0
41723,0
41724,0
41725,0
41726,0
41727,0
41728,0
41729,0
41730,0
41731,0
41732,0
41733,0
41734,0
41735,0
41736,0
41737,0
41738,0
41739,0
41740,0
41741,0
41742,0
41743,0
41744,0
41745,0
41746,0
41747,0
41748,0
41749,0
41750,0
41751,0
41752,0
41753,0
41754,0
41755,0
41756,0
41757,0
41758,0
41759,0
41760,0
41761,0
41762,0
41763,0
41764,0
41765,0
41766,0
41767,0
41768,0
41769,0
41770,0
41771,0
41772,0
41773,0
41774,0
41775,0
41776,0
41777,0
41778,0
41779,0
41780,0
41781,0
41782,0
41783,0
41784,0
41785,0
41786,0
41787,0
41788,0
41789,0
41790,0
41791,0
41792,0
41793,0
41794,0
41795,0
41796,0
41797,0
41798,0
41799,0
41800,0
41801,0
41802,0
41803,0
41804,0
41805,0
41806,0
41807,0
41808,1
41809,0
41810,0
41811,0
41812,0
41813,0
41814,0
41815,0
41816,0
41817,0
41818,0
41819,0
41820,0
41821,0
41822,0
41823,0
41824,0
41825,0
41826,0
41827,0
41828,0
41829,0
41830,0
41831,0
41832,0
41833,0
41834,0
41835,0
41836,0
41837,0
41838,0
41839,0
41840,0
41841,0
41842,0
41843,0
41844,0
41845,0
41846,0
41847,0
41848,0
41849,0
41850,0
41851,0
41852,0
41853,0
41854,0
41855,0
41856,0
41857,0
41858,0
41859,0
41860,0
41861,0
41862,0
41863,0
41864,0
41865,0
41866,0
41867,0
41868,0
41869,0
41870,0
41871,0
41872,0
41873,0
41874,0
41875,0
41876,0
41877,0
41878,0
41879,0
41880,0
41881,0
41882,0
41883,0
41884,0
41885,0
41886,0
41887,0
41888,0
41889,0
41890,0
41891,0
41892,0
41893,0
41894,0
41895,0
41896,0
41897,0
41898,0
41899,0
41900,0
41901,0
41902,0
41903,0
41904,0
41905,0
41906,0
41907,0
41908,0
41909,0
41910,0
41911,0
41912,0
41913,0
41914,0
41915,0
41916,0
41917,0
41918,0
41919,0
41920,0
41921,0
41922,0
41923,0
41924,0
41925,0
41926,0
41927,0
41928,0
41929,0
41930,0
41931,0
41932,0
41933,0
41934,0
41935,0
41936,0
41937,0
41938,0
41939,0
41940,0
41941,0
41942,0
41943,0
41944,0
41945,0
41946,0
41947,0
41948,0
41949,1
41950,0
41951,0
41952,0
41953,0
41954,0
41955,0
41956,0
41957,0
41958,0
41959,0
41960,0
41961,0
41962,0
41963,0
41964,0
41965,0
41966,0
41967,0
41968,0
41969,1
41970,0
41971,0
41972,0
41973,0
41974,0
41975,0
41976,0
41977,0
41978,0
41979,0
41980,0
41981,0
41982,0
41983,0
41984,0
41985,0
41986,0
41987,0
41988,0
41989,0
41990,0
41991,0
41992,0
41993,0
41994,0
41995,0
41996,0
41997,0
41998,0
41999,0
42000,0
42001,0
42002,0
42003,0
42004,0
42005,0
42006,0
42007,0
42008,0
42009,0
42010,0
42011,0
42012,0
42013,0
42014,0
42015,0
42016,0
42017,0
42018,0
42019,0
42020,1
42021,0
42022,0
42023,0
42024,0
42025,0
42026,1
42027,0
42028,0
42029,0
42030,0
42031,0
42032,0
42033,0
42034,0
42035,0
42036,0
42037,0
42038,0
42039,0
42040,0
42041,0
42042,0
42043,0
42044,0
42045,0
42046,0
42047,0
42048,0
42049,0
42050,1
42051,0
42052,0
42053,0
42054,0
42055,0
42056,0
42057,0
42058,0
42059,0
42060,0
42061,0
42062,0
42063,0
42064,1
42065,0
42066,0
42067,0
42068,0
42069,0
42070,0
42071,0
42072,0
42073,0
42074,0
42075,0
42076,0
42077,0
42078,0
42079,0
42080,0
42081,0
42082,0
42083,0
42084,0
42085,0
42086,0
42087,0
42088,0
42089,0
42090,0
42091,0
42092,0
42093,0
42094,0
42095,0
42096,0
42097,0
42098,0
42099,0
42100,0
42101,0
42102,0
42103,0
42104,0
42105,0
42106,0
42107,0
42108,0
42109,0
42110,0
42111,0
42112,0
42113,0
42114,0
42115,0
42116,0
42117,0
42118,0
42119,0
42120,0
42121,0
42122,0
42123,0
42124,0
42125,0
42126,0
42127,0
42128,0
42129,0
42130,0
42131,0
42132,0
42133,0
42134,0
42135,0
42136,0
42137,0
42138,0
42139,0
42140,0
42141,0
42142,0
42143,0
42144,0
42145,0
42146,0
42147,0
42148,0
42149,0
42150,0
42151,0
42152,0
42153,0
42154,0
42155,0
42156,0
42157,0
42158,0
42159,0
42160,0
42161,0
42162,0
42163,0
42164,0
42165,0
42166,0
42167,0
42168,0
42169,0
42170,0
42171,0
42172,0
42173,0
42174,0
42175,0
42176,0
42177,0
42178,0
42179,0
42180,1
42181,0
42182,0
42183,0
42184,1
42185,0
42186,0
42187,0
42188,0
42189,0
42190,0
42191,0
42192,0
42193,0
42194,0
42195,0
42196,0
42197,0
42198,0
42199,0
42200,0
42201,0
42202,0
42203,0
42204,0
42205,0
42206,0
42207,0
42208,0
42209,0
42210,0
42211,0
42212,0
42213,1
42214,0
42215,0
42216,0
42217,0
42218,0
42219,0
42220,0
42221,0
42222,0
42223,0
42224,0
42225,0
42226,1
42227,0
42228,0
42229,0
42230,0
42231,0
42232,0
42233,0
42234,0
42235,0
42236,0
42237,0
42238,0
42239,0
42240,0
42241,0
42242,0
42243,0
42244,0
42245,0
42246,0
42247,0
42248,0
42249,0
42250,0
42251,0
42252,1
42253,0
42254,0
42255,0
42256,0
42257,0
42258,0
42259,0
42260,0
42261,0
42262,0
42263,0
42264,0
42265,0
42266,0
42267,0
42268,0
42269,0
42270,0
42271,0
42272,0
42273,0
42274,0
42275,0
42276,0
42277,0
42278,0
42279,0
42280,0
42281,0
42282,0
42283,0
42284,0
42285,0
42286,0
42287,0
42288,0
42289,0
42290,0
42291,0
42292,1
42293,0
42294,0
42295,0
42296,0
42297,0
42298,0
42299,0
42300,0
42301,0
42302,0
42303,0
42304,0
42305,0
42306,0
42307,0
42308,0
42309,0
42310,0
42311,0
42312,0
42313,0
42314,0
42315,0
42316,0
42317,0
42318,0
42319,0
42320,0
42321,0
42322,0
42323,0
42324,0
42325,0
42326,0
42327,0
42328,0
42329,0
42330,0
42331,0
42332,0
42333,0
42334,0
42335,0
42336,0
42337,0
42338,0
42339,0
42340,0
42341,0
42342,0
42343,0
42344,0
42345,0
42346,0
42347,0
42348,0
42349,0
42350,0
42351,0
42352,0
42353,0
42354,1
42355,0
42356,0
42357,0
42358,0
42359,0
42360,0
42361,0
42362,0
42363,0
42364,0
42365,0
42366,0
42367,0
42368,0
42369,0
42370,0
42371,1
42372,0
42373,0
42374,0
42375,0
42376,0
42377,0
42378,0
42379,0
42380,0
42381,0
42382,0
42383,0
42384,0
42385,0
42386,0
42387,0
42388,0
42389,0
42390,0
42391,0
42392,0
42393,0
42394,0
42395,0
42396,0
42397,0
42398,0
42399,0
42400,0
42401,0
42402,0
42403,0
42404,0
42405,0
42406,0
42407,0
42408,0
42409,0
42410,0
42411,1
42412,0
42413,0
42414,0
42415,1
42416,1
42417,0
42418,0
42419,0
42420,0
42421,0
42422,0
42423,0
42424,0
42425,1
42426,0
42427,0
42428,0
42429,0
42430,0
42431,0
42432,0
42433,0
42434,0
42435,0
42436,0
42437,0
42438,0
42439,0
42440,0
42441,0
42442,0
42443,0
42444,0
42445,0
42446,0
42447,0
42448,0
42449,0
42450,0
42451,0
42452,0
42453,0
42454,0
42455,0
42456,0
42457,0
42458,1
42459,0
42460,0
42461,0
42462,0
42463,0
42464,0
42465,0
42466,0
42467,0
42468,0
42469,0
42470,0
42471,0
42472,0
42473,0
42474,0
42475,0
42476,0
42477,0
42478,0
42479,0
42480,0
42481,0
42482,0
42483,0
42484,0
42485,0
42486,0
42487,0
42488,0
42489,0
42490,0
42491,0
42492,0
42493,0
42494,0
42495,0
42496,0
42497,0
42498,0
42499,0
42500,0
42501,0
42502,0
42503,0
42504,0
42505,0
42506,0
42507,0
42508,0
42509,0
42510,0
42511,0
42512,0
42513,0
42514,0
42515,0
42516,0
42517,0
42518,0
42519,0
42520,0
42521,0
42522,0
42523,0
42524,0
42525,0
42526,0
42527,0
42528,0
42529,0
42530,0
42531,0
42532,0
42533,0
42534,0
42535,0
42536,0
42537,0
42538,0
42539,0
42540,0
42541,0
42542,0
42543,0
42544,0
42545,0
42546,0
42547,0
42548,0
42549,0
42550,0
42551,0
42552,0
42553,0
42554,0
42555,0
42556,1
42557,0
42558,0
42559,0
42560,0
42561,0
42562,0
42563,0
42564,0
42565,0
42566,0
42567,0
42568,0
42569,0
42570,0
42571,1
42572,0
42573,0
42574,0
42575,0
42576,0
42577,0
42578,0
42579,0
42580,0
42581,0
42582,0
42583,0
42584,0
42585,0
42586,0
42587,0
42588,0
42589,1
42590,0
42591,0
42592,0
42593,0
42594,0
42595,0
42596,0
42597,0
42598,1
42599,0
42600,0
42601,0
42602,0
42603,0
42604,0
42605,0
42606,0
42607,0
42608,0
42609,0
42610,0
42611,0
42612,0
42613,0
42614,0
42615,0
42616,0
42617,0
42618,0
42619,0
42620,0
42621,0
42622,0
42623,0
42624,0
42625,0
42626,0
42627,0
42628,0
42629,0
42630,0
42631,0
42632,0
42633,0
42634,0
42635,0
42636,0
42637,0
42638,0
42639,0
42640,0
42641,0
42642,0
42643,0
42644,0
42645,0
42646,0
42647,0
42648,0
42649,0
42650,0
42651,0
42652,0
42653,0
42654,0
42655,0
42656,0
42657,0
42658,0
42659,0
42660,0
42661,0
42662,0
42663,0
42664,0
42665,0
42666,0
42667,0
42668,0
42669,0
42670,0
42671,0
42672,0
42673,0
42674,0
42675,0
42676,0
42677,0
42678,0
42679,0
42680,0
42681,0
42682,0
42683,0
42684,0
42685,0
42686,0
42687,0
42688,0
42689,0
42690,0
42691,0
42692,0
42693,0
42694,0
42695,0
42696,0
42697,0
42698,0
42699,0
42700,0
42701,0
42702,0
42703,0
42704,0
42705,0
42706,0
42707,0
42708,0
42709,0
42710,0
42711,0
42712,0
42713,0
42714,0
42715,1
42716,0
42717,0
42718,0
42719,0
42720,0
42721,0
42722,0
42723,0
42724,0
42725,0
42726,0
42727,0
42728,0
42729,0
42730,0
42731,0
42732,0
42733,0
42734,0
42735,0
42736,0
42737,0
42738,0
42739,0
42740,0
42741,0
42742,0
42743,0
42744,0
42745,0
42746,0
42747,0
42748,0
42749,0
42750,0
42751,0
42752,0
42753,0
42754,0
42755,0
42756,0
42757,0
42758,0
42759,0
42760,0
42761,0
42762,0
42763,0
42764,0
42765,0
42766,0
42767,0
42768,0
42769,0
42770,0
42771,0
42772,0
42773,0
42774,0
42775,0
42776,0
42777,0
42778,0
42779,0
42780,0
42781,0
42782,0
42783,0
42784,0
42785,0
42786,0
42787,0
42788,0
42789,1
42790,0
42791,0
42792,0
42793,0
42794,0
42795,0
42796,0
42797,0
42798,0
42799,0
42800,0
42801,0
42802,0
42803,1
42804,0
42805,0
42806,0
42807,0
42808,0
42809,0
42810,0
42811,0
42812,0
42813,0
42814,0
42815,0
42816,0
42817,0
42818,0
42819,0
42820,0
42821,0
42822,0
42823,0
42824,0
42825,0
42826,0
42827,0
42828,0
42829,0
42830,0
42831,0
42832,0
42833,0
42834,0
42835,0
42836,0
42837,0
42838,0
42839,0
42840,0
42841,0
42842,0
42843,0
42844,0
42845,0
42846,0
42847,0
42848,0
42849,0
42850,0
42851,0
42852,0
42853,0
42854,0
42855,0
42856,0
42857,0
42858,0
42859,0
42860,0
42861,0
42862,0
42863,0
42864,1
42865,0
42866,0
42867,0
42868,0
42869,0
42870,1
42871,0
42872,0
42873,0
42874,0
42875,0
42876,0
42877,0
42878,0
42879,0
42880,0
42881,0
42882,0
42883,0
42884,0
42885,0
42886,0
42887,0
42888,0
42889,0
42890,0
42891,0
42892,0
42893,0
42894,0
42895,0
42896,0
42897,0
42898,0
42899,0
42900,0
42901,0
42902,0
42903,0
42904,0
42905,0
42906,0
42907,0
42908,0
42909,0
42910,0
42911,0
42912,0
42913,0
42914,0
42915,0
42916,0
42917,0
42918,0
42919,0
42920,0
42921,0
42922,0
42923,0
42924,0
42925,0
42926,0
42927,0
42928,0
42929,0
42930,0
42931,1
42932,0
42933,0
42934,0
42935,0
42936,0
42937,0
42938,0
42939,0
42940,0
42941,0
42942,0
42943,0
42944,0
42945,0
42946,0
42947,0
42948,0
42949,0
42950,0
42951,0
42952,0
42953,0
42954,0
42955,0
42956,0
42957,0
42958,0
42959,0
42960,0
42961,0
42962,0
42963,0
42964,0
42965,0
42966,0
42967,0
42968,0
42969,0
42970,0
42971,0
42972,0
42973,0
42974,0
42975,0
42976,0
42977,0
42978,0
42979,0
42980,0
42981,0
42982,0
42983,0
42984,0
42985,0
42986,0
42987,0
42988,0
42989,0
42990,0
42991,0
42992,0
42993,0
42994,0
42995,0
42996,0
42997,0
42998,0
42999,0
43000,0
43001,0
43002,0
43003,0
43004,0
43005,0
43006,0
43007,0
43008,0
43009,0
43010,0
43011,0
43012,0
43013,0
43014,0
43015,0
43016,0
43017,0
43018,0
43019,0
43020,0
43021,0
43022,0
43023,1
43024,0
43025,0
43026,0
43027,0
43028,0
43029,0
43030,0
43031,0
43032,0
43033,0
43034,0
43035,0
43036,0
43037,0
43038,0
43039,0
43040,0
43041,0
43042,0
43043,0
43044,0
43045,0
43046,0
43047,0
43048,0
43049,0
43050,0
43051,0
43052,0
43053,0
43054,0
43055,0
43056,0
43057,0
43058,0
43059,0
43060,0
43061,0
43062,0
43063,0
43064,0
43065,0
43066,0
43067,0
43068,1
43069,0
43070,0
43071,0
43072,0
43073,0
43074,0
43075,0
43076,0
43077,0
43078,0
43079,0
43080,0
43081,0
43082,1
43083,0
43084,0
43085,0
43086,0
43087,0
43088,0
43089,0
43090,0
43091,0
43092,0
43093,0
43094,0
43095,0
43096,0
43097,0
43098,0
43099,0
43100,0
43101,0
43102,0
43103,0
43104,0
43105,0
43106,1
43107,0
43108,0
43109,0
43110,1
43111,0
43112,0
43113,0
43114,0
43115,0
43116,0
43117,0
43118,0
43119,0
43120,0
43121,0
43122,0
43123,0
43124,0
43125,0
43126,0
43127,0
43128,0
43129,0
43130,0
43131,0
43132,0
43133,0
43134,0
43135,0
43136,0
43137,0
43138,0
43139,0
43140,0
43141,0
43142,0
43143,0
43144,0
43145,0
43146,0
43147,0
43148,0
43149,0
43150,1
43151,0
43152,0
43153,0
43154,0
43155,0
43156,0
43157,0
43158,0
43159,0
43160,0
43161,0
43162,0
43163,0
43164,0
43165,0
43166,0
43167,0
43168,0
43169,0
43170,0
43171,1
43172,0
43173,0
43174,0
43175,0
43176,0
43177,0
43178,0
43179,0
43180,0
43181,0
43182,0
43183,0
43184,0
43185,0
43186,0
43187,1
43188,0
43189,0
43190,0
43191,0
43192,0
43193,0
43194,0
43195,0
43196,0
43197,0
43198,0
43199,0
43200,0
43201,0
43202,0
43203,0
43204,0
43205,0
43206,0
43207,0
43208,0
43209,0
43210,0
43211,0
43212,0
43213,0
43214,0
43215,0
43216,0
43217,0
43218,0
43219,0
43220,0
43221,0
43222,0
43223,0
43224,0
43225,0
43226,0
43227,0
43228,0
43229,0
43230,0
43231,0
43232,0
43233,0
43234,0
43235,0
43236,0
43237,0
43238,0
43239,0
43240,0
43241,0
43242,0
43243,0
43244,0
43245,0
43246,0
43247,0
43248,0
43249,0
43250,0
43251,0
43252,0
43253,0
43254,0
43255,0
43256,0
43257,0
43258,0
43259,0
43260,0
43261,0
43262,0
43263,0
43264,0
43265,0
43266,0
43267,0
43268,0
43269,0
43270,0
43271,0
43272,0
43273,0
43274,0
43275,0
43276,1
43277,0
43278,0
43279,0
43280,0
43281,0
43282,0
43283,0
43284,0
43285,0
43286,0
43287,0
43288,0
43289,0
43290,0
43291,0
43292,0
43293,0
43294,0
43295,0
43296,0
43297,0
43298,0
43299,0
43300,0
43301,0
43302,0
43303,0
43304,0
43305,0
43306,0
43307,0
43308,0
43309,0
43310,1
43311,0
43312,0
43313,0
43314,0
43315,0
43316,0
43317,0
43318,0
43319,0
43320,0
43321,0
43322,0
43323,0
43324,0
43325,0
43326,0
43327,0
43328,0
43329,0
43330,0
43331,0
43332,0
43333,0
43334,0
43335,0
43336,0
43337,0
43338,0
43339,0
43340,0
43341,0
43342,0
43343,0
43344,0
43345,0
43346,1
43347,0
43348,0
43349,0
43350,0
43351,0
43352,0
43353,0
43354,0
43355,0
43356,0
43357,0
43358,0
43359,0
43360,0
43361,0
43362,0
43363,0
43364,0
43365,0
43366,0
43367,0
43368,0
43369,0
43370,1
43371,0
43372,0
43373,0
43374,0
43375,0
43376,0
43377,0
43378,0
43379,0
43380,0
43381,0
43382,1
43383,1
43384,0
43385,0
43386,0
43387,0
43388,0
43389,0
43390,0
43391,0
43392,0
43393,0
43394,0
43395,0
43396,0
43397,0
43398,0
43399,0
43400,0
43401,0
43402,0
43403,1
43404,0
43405,0
43406,0
43407,1
43408,0
43409,0
43410,0
43411,0
43412,0
43413,0
43414,0
43415,0
43416,0
43417,0
43418,0
43419,0
43420,0
43421,0
43422,0
43423,0
43424,0
43425,0
43426,0
43427,0
43428,0
43429,0
43430,0
43431,0
43432,0
43433,0
43434,0
43435,0
43436,0
43437,0
43438,0
43439,0
43440,0
43441,1
43442,0
43443,0
43444,0
43445,0
43446,0
43447,0
43448,0
43449,0
43450,0
43451,0
43452,0
43453,0
43454,0
43455,0
43456,0
43457,0
43458,0
43459,0
43460,0
43461,0
43462,0
43463,0
43464,0
43465,0
43466,1
43467,0
43468,0
43469,0
43470,0
43471,0
43472,0
43473,0
43474,0
43475,0
43476,0
43477,0
43478,0
43479,0
43480,0
43481,0
43482,0
43483,0
43484,0
43485,0
43486,0
43487,0
43488,0
43489,0
43490,0
43491,0
43492,0
43493,0
43494,0
43495,0
43496,0
43497,0
43498,0
43499,0
43500,0
43501,0
43502,0
43503,0
43504,0
43505,0
43506,0
43507,0
43508,0
43509,0
43510,0
43511,0
43512,0
43513,0
43514,0
43515,0
43516,0
43517,0
43518,0
43519,0
43520,0
43521,0
43522,0
43523,0
43524,0
43525,0
43526,0
43527,0
43528,0
43529,0
43530,0
43531,0
43532,0
43533,0
43534,0
43535,0
43536,0
43537,0
43538,0
43539,0
43540,0
43541,0
43542,0
43543,0
43544,0
43545,0
43546,0
43547,0
43548,0
43549,0
43550,0
43551,0
43552,0
43553,0
43554,0
43555,0
43556,0
43557,0
43558,0
43559,0
43560,1
43561,0
43562,0
43563,0
43564,0
43565,0
43566,0
43567,0
43568,0
43569,0
43570,0
43571,0
43572,0
43573,0
43574,0
43575,0
43576,0
43577,0
43578,0
43579,0
43580,0
43581,0
43582,0
43583,0
43584,0
43585,0
43586,0
43587,0
43588,0
43589,0
43590,0
43591,0
43592,0
43593,0
43594,0
43595,0
43596,0
43597,0
43598,0
43599,0
43600,0
43601,0
43602,0
43603,0
43604,0
43605,0
43606,0
43607,0
43608,0
43609,0
43610,0
43611,0
43612,0
43613,0
43614,0
43615,0
43616,0
43617,0
43618,1
43619,0
43620,0
43621,0
43622,0
43623,0
43624,0
43625,0
43626,0
43627,0
43628,0
43629,0
43630,0
43631,0
43632,0
43633,1
43634,0
43635,0
43636,0
43637,0
43638,0
43639,0
43640,0
43641,0
43642,0
43643,0
43644,0
43645,0
43646,0
43647,1
43648,0
43649,0
43650,0
43651,0
43652,0
43653,0
43654,0
43655,0
43656,0
43657,1
43658,0
43659,0
43660,0
43661,0
43662,0
43663,0
43664,0
43665,0
43666,0
43667,0
43668,0
43669,0
43670,0
43671,0
43672,0
43673,0
43674,0
43675,0
43676,1
43677,0
43678,0
43679,0
43680,0
43681,0
43682,0
43683,0
43684,0
43685,0
43686,0
43687,0
43688,1
43689,0
43690,0
43691,0
43692,0
43693,0
43694,0
43695,0
43696,0
43697,0
43698,0
43699,0
43700,0
43701,0
43702,0
43703,0
43704,0
43705,0
43706,0
43707,0
43708,0
43709,0
43710,0
43711,0
43712,0
43713,0
43714,0
43715,0
43716,0
43717,0
43718,0
43719,0
43720,0
43721,0
43722,0
43723,0
43724,0
43725,0
43726,0
43727,0
43728,0
43729,0
43730,0
43731,0
43732,0
43733,0
43734,0
43735,0
43736,0
43737,0
43738,0
43739,0
43740,0
43741,0
43742,0
43743,0
43744,0
43745,0
43746,0
43747,0
43748,0
43749,0
43750,0
43751,0
43752,0
43753,0
43754,0
43755,0
43756,0
43757,0
43758,0
43759,0
43760,0
43761,0
43762,0
43763,0
43764,0
43765,0
43766,1
43767,0
43768,0
43769,0
43770,0
43771,0
43772,0
43773,0
43774,0
43775,0
43776,0
43777,0
43778,0
43779,0
43780,0
43781,1
43782,0
43783,0
43784,0
43785,0
43786,0
43787,0
43788,0
43789,0
43790,0
43791,0
43792,0
43793,0
43794,0
43795,0
43796,0
43797,0
43798,0
43799,0
43800,0
43801,0
43802,0
43803,0
43804,0
43805,0
43806,0
43807,0
43808,0
43809,0
43810,0
43811,0
43812,0
43813,0
43814,0
43815,0
43816,0
43817,0
43818,0
43819,0
43820,0
43821,0
43822,0
43823,0
43824,0
43825,0
43826,0
43827,0
43828,0
43829,0
43830,0
43831,0
43832,0
43833,0
43834,0
43835,0
43836,0
43837,0
43838,0
43839,0
43840,0
43841,0
43842,0
43843,0
43844,0
43845,0
43846,0
43847,0
43848,0
43849,0
43850,0
43851,0
43852,0
43853,0
43854,0
43855,0
43856,0
43857,0
43858,0
43859,0
43860,0
43861,0
43862,0
43863,0
43864,0
43865,0
43866,0
43867,0
43868,0
43869,0
43870,0
43871,0
43872,0
43873,0
43874,0
43875,0
43876,0
43877,0
43878,0
43879,0
43880,0
43881,0
43882,0
43883,0
43884,0
43885,0
43886,0
43887,0
43888,0
43889,0
43890,0
43891,0
43892,0
43893,0
43894,0
43895,0
43896,0
43897,0
43898,1
43899,0
43900,0
43901,0
43902,0
43903,0
43904,0
43905,0
43906,0
43907,0
43908,0
43909,0
43910,0
43911,0
43912,0
43913,0
43914,1
43915,0
43916,0
43917,0
43918,0
43919,0
43920,0
43921,0
43922,0
43923,0
43924,0
43925,0
43926,0
43927,0
43928,0
43929,0
43930,0
43931,0
43932,0
43933,0
43934,0
43935,0
43936,0
43937,0
43938,0
43939,0
43940,0
43941,0
43942,0
43943,0
43944,0
43945,0
43946,0
43947,0
43948,0
43949,0
43950,0
43951,0
43952,0
43953,0
43954,0
43955,0
43956,0
43957,0
43958,0
43959,0
43960,0
43961,0
43962,0
43963,0
43964,0
43965,0
43966,0
43967,0
43968,0
43969,0
43970,0
43971,0
43972,0
43973,0
43974,0
43975,0
43976,0
43977,0
43978,0
43979,0
43980,0
43981,0
43982,0
43983,0
43984,0
43985,0
43986,0
43987,0
43988,0
43989,0
43990,0
43991,0
43992,0
43993,0
43994,1
43995,0
43996,0
43997,0
43998,0
43999,0
44000,0
44001,0
44002,0
44003,0
44004,0
44005,0
44006,0
44007,0
44008,0
44009,0
44010,0
44011,0
44012,0
44013,0
44014,0
44015,1
44016,0
44017,0
44018,0
44019,0
44020,0
44021,0
44022,0
44023,0
44024,0
44025,0
44026,0
44027,0
44028,0
44029,0
44030,0
44031,0
44032,0
44033,0
44034,0
44035,0
44036,0
44037,0
44038,0
44039,0
44040,0
44041,0
44042,0
44043,0
44044,0
44045,0
44046,0
44047,0
44048,0
44049,0
44050,0
44051,0
44052,0
44053,0
44054,0
44055,0
44056,0
44057,0
44058,0
44059,0
44060,0
44061,0
44062,0
44063,0
44064,0
44065,0
44066,0
44067,0
44068,0
44069,0
44070,0
44071,0
44072,0
44073,0
44074,0
44075,0
44076,0
44077,0
44078,0
44079,0
44080,0
44081,0
44082,0
44083,0
44084,0
44085,0
44086,0
44087,0
44088,0
44089,0
44090,0
44091,0
44092,0
44093,0
44094,0
44095,0
44096,0
44097,0
44098,0
44099,0
44100,0
44101,0
44102,0
44103,0
44104,0
44105,0
44106,0
44107,0
44108,0
44109,0
44110,0
44111,0
44112,0
44113,0
44114,0
44115,0
44116,0
44117,0
44118,0
44119,0
44120,0
44121,0
44122,0
44123,0
44124,0
44125,0
44126,0
44127,0
44128,0
44129,0
44130,0
44131,0
44132,0
44133,0
44134,0
44135,0
44136,0
44137,0
44138,0
44139,0
44140,0
44141,0
44142,0
44143,0
44144,0
44145,0
44146,0
44147,0
44148,0
44149,0
44150,0
44151,0
44152,0
44153,0
44154,0
44155,0
44156,0
44157,0
44158,0
44159,0
44160,0
44161,0
44162,0
44163,0
44164,0
44165,0
44166,0
44167,0
44168,0
44169,0
44170,0
44171,0
44172,0
44173,0
44174,0
44175,0
44176,0
44177,0
44178,0
44179,0
44180,0
44181,0
44182,0
44183,0
44184,0
44185,0
44186,0
44187,0
44188,0
44189,0
44190,0
44191,0
44192,0
44193,0
44194,0
44195,0
44196,0
44197,0
44198,0
44199,0
44200,0
44201,0
44202,0
44203,0
44204,0
44205,0
44206,0
44207,0
44208,0
44209,0
44210,0
44211,0
44212,0
44213,0
44214,0
44215,0
44216,0
44217,0
44218,0
44219,0
44220,0
44221,0
44222,0
44223,0
44224,0
44225,0
44226,0
44227,0
44228,0
44229,0
44230,0
44231,0
44232,0
44233,0
44234,0
44235,0
44236,0
44237,0
44238,0
44239,0
44240,0
44241,0
44242,0
44243,0
44244,0
44245,0
44246,0
44247,0
44248,1
44249,0
44250,0
44251,0
44252,0
44253,0
44254,0
44255,0
44256,0
44257,0
44258,0
44259,0
44260,0
44261,0
44262,0
44263,0
44264,0
44265,0
44266,0
44267,0
44268,0
44269,0
44270,0
44271,0
44272,0
44273,0
44274,0
44275,0
44276,0
44277,0
44278,0
44279,0
44280,0
44281,0
44282,0
44283,1
44284,0
44285,0
44286,0
44287,0
44288,0
44289,0
44290,0
44291,0
44292,0
44293,1
44294,0
44295,0
44296,0
44297,0
44298,0
44299,0
44300,0
44301,0
44302,0
44303,0
44304,0
44305,0
44306,0
44307,0
44308,0
44309,0
44310,0
44311,0
44312,0
44313,0
44314,0
44315,0
44316,0
44317,0
44318,0
44319,0
44320,0
44321,0
44322,0
44323,0
44324,0
44325,0
44326,0
44327,0
44328,0
44329,0
44330,0
44331,0
44332,0
44333,0
44334,0
44335,0
44336,0
44337,0
44338,0
44339,0
44340,0
44341,0
44342,0
44343,0
44344,0
44345,0
44346,0
44347,0
44348,0
44349,0
44350,0
44351,0
44352,0
44353,0
44354,0
44355,0
44356,0
44357,0
44358,0
44359,0
44360,0
44361,0
44362,0
44363,0
44364,0
44365,0
44366,0
44367,0
44368,0
44369,0
44370,0
44371,0
44372,0
44373,0
44374,0
44375,0
44376,0
44377,0
44378,0
44379,0
44380,0
44381,0
44382,0
44383,0
44384,0
44385,0
44386,0
44387,0
44388,0
44389,0
44390,0
44391,0
44392,0
44393,0
44394,0
44395,0
44396,0
44397,0
44398,0
44399,0
44400,0
44401,0
44402,0
44403,0
44404,0
44405,0
44406,0
44407,0
44408,0
44409,0
44410,0
44411,0
44412,0
44413,0
44414,0
44415,1
44416,0
44417,0
44418,0
44419,0
44420,0
44421,0
44422,0
44423,0
44424,0
44425,0
44426,0
44427,0
44428,0
44429,0
44430,0
44431,0
44432,0
44433,0
44434,0
44435,0
44436,0
44437,0
44438,0
44439,0
44440,0
44441,0
44442,0
44443,0
44444,0
44445,0
44446,0
44447,0
44448,0
44449,0
44450,0
44451,0
44452,0
44453,0
44454,0
44455,0
44456,0
44457,0
44458,0
44459,0
44460,0
44461,0
44462,0
44463,0
44464,0
44465,0
44466,0
44467,0
44468,0
44469,0
44470,0
44471,0
44472,0
44473,0
44474,0
44475,0
44476,0
44477,0
44478,0
44479,0
44480,0
44481,0
44482,0
44483,0
44484,0
44485,0
44486,0
44487,0
44488,0
44489,0
44490,0
44491,0
44492,0
44493,0
44494,0
44495,0
44496,0
44497,0
44498,0
44499,0
44500,0
44501,0
44502,0
44503,0
44504,0
44505,0
44506,0
44507,0
44508,0
44509,0
44510,0
44511,0
44512,0
44513,0
44514,0
44515,0
44516,0
44517,0
44518,0
44519,1
44520,0
44521,0
44522,0
44523,0
44524,0
44525,0
44526,1
44527,1
44528,0
44529,0
44530,0
44531,0
44532,0
44533,0
44534,0
44535,0
44536,0
44537,0
44538,0
44539,0
44540,0
44541,0
44542,1
44543,0
44544,0
44545,0
44546,0
44547,0
44548,0
44549,0
44550,0
44551,0
44552,0
44553,0
44554,0
44555,0
44556,0
44557,0
44558,0
44559,0
44560,0
44561,0
44562,0
44563,0
44564,0
44565,0
44566,0
44567,0
44568,0
44569,0
44570,0
44571,0
44572,0
44573,0
44574,0
44575,0
44576,0
44577,0
44578,0
44579,0
44580,0
44581,0
44582,0
44583,0
44584,0
44585,0
44586,0
44587,0
44588,0
44589,0
44590,0
44591,0
44592,0
44593,0
44594,0
44595,0
44596,0
44597,0
44598,0
44599,0
44600,0
44601,0
44602,0
44603,0
44604,0
44605,0
44606,0
44607,0
44608,0
44609,0
44610,0
44611,0
44612,0
44613,0
44614,0
44615,0
44616,0
44617,0
44618,0
44619,0
44620,0
44621,0
44622,0
44623,0
44624,0
44625,0
44626,0
44627,1
44628,0
44629,0
44630,0
44631,0
44632,0
44633,0
44634,0
44635,0
44636,0
44637,0
44638,0
44639,0
44640,0
44641,0
44642,0
44643,0
44644,0
44645,0
44646,0
44647,0
44648,0
44649,0
44650,0
44651,0
44652,0
44653,0
44654,0
44655,0
44656,0
44657,0
44658,0
44659,0
44660,1
44661,0
44662,0
44663,0
44664,0
44665,0
44666,0
44667,0
44668,0
44669,0
44670,0
44671,0
44672,0
44673,0
44674,0
44675,0
44676,0
44677,0
44678,0
44679,0
44680,0
44681,0
44682,0
44683,0
44684,0
44685,0
44686,0
44687,0
44688,0
44689,0
44690,0
44691,0
44692,0
44693,0
44694,0
44695,0
44696,0
44697,0
44698,0
44699,0
44700,0
44701,0
44702,0
44703,0
44704,0
44705,0
44706,0
44707,0
44708,0
44709,0
44710,0
44711,0
44712,0
44713,0
44714,0
44715,0
44716,0
44717,0
44718,0
44719,0
44720,0
44721,0
44722,0
44723,0
44724,0
44725,0
44726,0
44727,0
44728,0
44729,0
44730,0
44731,1
44732,0
44733,0
44734,0
44735,0
44736,0
44737,0
44738,0
44739,0
44740,0
44741,0
44742,0
44743,0
44744,0
44745,0
44746,0
44747,0
44748,0
44749,0
44750,0
44751,0
44752,0
44753,0
44754,0
44755,0
44756,0
44757,0
44758,0
44759,0
44760,0
44761,0
44762,0
44763,0
44764,0
44765,0
44766,0
44767,0
44768,0
44769,0
44770,0
44771,0
44772,0
44773,0
44774,0
44775,1
44776,0
44777,0
44778,0
44779,0
44780,0
44781,0
44782,0
44783,0
44784,0
44785,0
44786,0
44787,0
44788,0
44789,0
44790,0
44791,0
44792,0
44793,0
44794,0
44795,0
44796,0
44797,0
44798,0
44799,0
44800,0
44801,0
44802,0
44803,0
44804,0
44805,0
44806,0
44807,0
44808,0
44809,0
44810,0
44811,1
44812,0
44813,0
44814,0
44815,0
44816,1
44817,0
44818,0
44819,0
44820,0
44821,0
44822,0
44823,0
44824,0
44825,0
44826,0
44827,0
44828,0
44829,0
44830,0
44831,0
44832,0
44833,0
44834,0
44835,0
44836,0
44837,0
44838,0
44839,1
44840,0
44841,0
44842,0
44843,0
44844,0
44845,0
44846,0
44847,0
44848,0
44849,0
44850,0
44851,0
44852,0
44853,1
44854,0
44855,0
44856,0
44857,0
44858,0
44859,0
44860,0
44861,0
44862,0
44863,0
44864,0
44865,0
44866,0
44867,0
44868,0
44869,0
44870,0
44871,0
44872,0
44873,0
44874,0
44875,0
44876,0
44877,0
44878,0
44879,0
44880,0
44881,0
44882,0
44883,0
44884,0
44885,1
44886,0
44887,0
44888,0
44889,0
44890,0
44891,0
44892,0
44893,0
44894,0
44895,0
44896,0
44897,0
44898,0
44899,0
44900,0
44901,0
44902,0
44903,0
44904,0
44905,0
44906,0
44907,0
44908,0
44909,0
44910,0
44911,0
44912,0
44913,0
44914,0
44915,0
44916,0
44917,0
44918,0
44919,1
44920,0
44921,0
44922,0
44923,0
44924,1
44925,0
44926,0
44927,0
44928,0
44929,0
44930,0
44931,0
44932,1
44933,1
44934,0
44935,0
44936,0
44937,0
44938,0
44939,0
44940,0
44941,0
44942,0
44943,0
44944,0
44945,0
44946,0
44947,0
44948,1
44949,0
44950,0
44951,0
44952,0
44953,0
44954,0
44955,0
44956,0
44957,0
44958,0
44959,0
44960,0
44961,0
44962,0
44963,0
44964,0
44965,0
44966,0
44967,0
44968,0
44969,0
44970,0
44971,0
44972,1
44973,0
44974,0
44975,0
44976,0
44977,0
44978,0
44979,0
44980,0
44981,0
44982,0
44983,0
44984,0
44985,0
44986,0
44987,0
44988,0
44989,0
44990,0
44991,0
44992,0
44993,0
44994,0
44995,0
44996,0
44997,0
44998,0
44999,0