id,pred,pred_proba
40000,0,0.24
40001,0,0.02
40002,0,0.13
40003,0,0.05
40004,0,0.25
40005,0,0.06
40006,0,0
40007,0,0.04
40008,0,0.1
40009,0,0.03
40010,1,0.62
40011,0,0.03
40012,0,0.14
40013,1,0.53
40014,0,0.25
40015,0,0
40016,0,0.22
40017,0,0.02
40018,0,0.41
40019,0,0.2
40020,0,0.01
40021,0,0.09
40022,0,0.05
40023,0,0
40024,0,0.01
40025,0,0.02
40026,0,0.02
40027,0,0
40028,0,0
40029,0,0.08
40030,0,0.04
40031,1,0.56
40032,0,0.13
40033,0,0.07
40034,1,0.54
40035,0,0.04
40036,0,0.16
40037,0,0.33
40038,0,0
40039,0,0.19
40040,0,0.01
40041,1,0.6
40042,0,0.16
40043,0,0.07
40044,0,0.05
40045,0,0.48
40046,0,0.04
40047,0,0
40048,0,0.03
40049,0,0.3
40050,0,0.04
40051,0,0.02
40052,0,0.13
40053,0,0
40054,0,0.46
40055,0,0.36
40056,0,0.01
40057,0,0.04
40058,0,0.39
40059,0,0.04
40060,0,0.02
40061,0,0.02
40062,0,0.09
40063,0,0
40064,0,0.04
40065,0,0
40066,0,0.06
40067,0,0.01
40068,0,0.15
40069,0,0.04
40070,0,0.41
40071,1,0.58
40072,0,0.02
40073,0,0.15
40074,0,0
40075,0,0.36
40076,0,0.06
40077,0,0.3
40078,0,0.05
40079,0,0.28
40080,0,0.06
40081,1,0.75
40082,0,0.44
40083,0,0
40084,0,0.07
40085,0,0.03
40086,0,0.11
40087,0,0
40088,0,0.04
40089,0,0.04
40090,0,0.03
40091,0,0.01
40092,0,0.01
40093,0,0.01
40094,0,0.02
40095,0,0.07
40096,0,0.04
40097,0,0.01
40098,0,0.39
40099,0,0.41
40100,0,0.01
40101,0,0.01
40102,1,0.66
40103,0,0
40104,0,0.02
40105,0,0.01
40106,0,0.21
40107,0,0
40108,0,0.11
40109,0,0
40110,0,0
40111,0,0.21
40112,0,0.02
40113,0,0.12
40114,0,0.1
40115,0,0
40116,0,0.05
40117,0,0.08
40118,0,0.04
40119,0,0.02
40120,0,0
40121,0,0.36
40122,0,0.05
40123,0,0.02
40124,0,0
40125,0,0.02
40126,0,0.01
40127,0,0.05
40128,0,0
40129,0,0.43
40130,0,0.17
40131,0,0.11
40132,0,0.03
40133,0,0.01
40134,0,0.18
40135,0,0.05
40136,0,0
40137,0,0
40138,0,0
40139,0,0.09
40140,0,0.21
40141,0,0.07
40142,0,0.44
40143,0,0.06
40144,0,0.07
40145,0,0.07
40146,0,0.4
40147,0,0.08
40148,0,0.1
40149,0,0.04
40150,0,0.41
40151,0,0
40152,1,0.71
40153,0,0
40154,1,0.55
40155,0,0.02
40156,0,0.01
40157,0,0.06
40158,0,0
40159,0,0.02
40160,0,0
40161,0,0.3
40162,0,0
40163,0,0.01
40164,0,0.01
40165,0,0
40166,0,0.05
40167,0,0.04
40168,0,0.01
40169,1,0.62
40170,0,0.08
40171,0,0.03
40172,0,0
40173,0,0.05
40174,0,0.24
40175,0,0.01
40176,0,0.1
40177,0,0.25
40178,0,0
40179,0,0.01
40180,0,0.01
40181,0,0.01
40182,0,0.15
40183,0,0
40184,0,0
40185,0,0.08
40186,0,0
40187,0,0.04
40188,0,0.03
40189,0,0
40190,0,0.1
40191,0,0.28
40192,0,0.04
40193,0,0
40194,0,0
40195,0,0.03
40196,0,0.03
40197,0,0
40198,0,0.07
40199,0,0.23
40200,0,0.3
40201,0,0.04
40202,0,0.06
40203,0,0.11
40204,0,0.01
40205,0,0.45
40206,1,0.67
40207,0,0.1
40208,0,0.01
40209,0,0.09
40210,0,0.13
40211,0,0.13
40212,0,0.31
40213,0,0.01
40214,0,0
40215,0,0.02
40216,0,0
40217,0,0.03
40218,0,0.22
40219,0,0.06
40220,0,0.05
40221,0,0.15
40222,0,0.01
40223,0,0.08
40224,0,0.07
40225,0,0.05
40226,0,0.04
40227,0,0.03
40228,0,0.05
40229,0,0.01
40230,0,0
40231,0,0.33
40232,0,0.04
40233,0,0.11
40234,0,0
40235,0,0.05
40236,1,0.7
40237,0,0
40238,0,0.15
40239,0,0.2
40240,0,0.06
40241,0,0.01
40242,0,0.02
40243,0,0.03
40244,0,0.03
40245,0,0
40246,0,0.05
40247,0,0
40248,0,0.17
40249,0,0.34
40250,1,0.56
40251,0,0.02
40252,0,0.06
40253,0,0.03
40254,0,0.12
40255,0,0.05
40256,0,0.05
40257,0,0.04
40258,0,0.29
40259,0,0.27
40260,0,0.02
40261,0,0
40262,0,0
40263,0,0
40264,0,0.38
40265,0,0.07
40266,0,0.08
40267,0,0.01
40268,0,0.09
40269,0,0.01
40270,0,0.29
40271,0,0.15
40272,0,0.02
40273,0,0.13
40274,0,0.19
40275,0,0.01
40276,0,0
40277,0,0.05
40278,0,0.06
40279,0,0.24
40280,0,0.04
40281,0,0.08
40282,0,0
40283,0,0.32
40284,0,0.02
40285,0,0.11
40286,0,0.01
40287,0,0.08
40288,0,0.31
40289,0,0.02
40290,0,0.06
40291,0,0.03
40292,0,0.08
40293,0,0.08
40294,0,0.03
40295,0,0.04
40296,0,0.01
40297,0,0.01
40298,0,0
40299,0,0.01
40300,0,0.16
40301,0,0
40302,0,0.02
40303,0,0.28
40304,0,0
40305,0,0
40306,0,0.04
40307,0,0
40308,0,0.03
40309,1,0.66
40310,0,0
40311,0,0.46
40312,0,0.01
40313,0,0.01
40314,0,0
40315,0,0
40316,0,0.48
40317,0,0
40318,0,0.02
40319,0,0
40320,0,0.21
40321,0,0
40322,0,0.03
40323,0,0.05
40324,0,0.05
40325,0,0.02
40326,0,0.19
40327,0,0.14
40328,0,0.04
40329,0,0.11
40330,0,0.05
40331,0,0.01
40332,0,0.13
40333,0,0.07
40334,0,0.01
40335,0,0.08
40336,0,0.01
40337,0,0.29
40338,0,0
40339,0,0.04
40340,0,0.4
40341,0,0.36
40342,0,0.11
40343,0,0.03
40344,0,0.49
40345,0,0.07
40346,0,0.13
40347,0,0.07
40348,0,0.13
40349,0,0.02
40350,0,0.03
40351,1,0.54
40352,0,0.02
40353,1,0.68
40354,0,0
40355,0,0
40356,1,0.57
40357,0,0.17
40358,0,0.48
40359,0,0.43
40360,0,0.13
40361,1,0.79
40362,0,0.01
40363,0,0.01
40364,0,0.01
40365,0,0.39
40366,0,0.03
40367,0,0.02
40368,0,0.02
40369,0,0
40370,0,0.11
40371,0,0
40372,0,0.01
40373,0,0.16
40374,0,0.01
40375,0,0.32
40376,0,0.04
40377,0,0.1
40378,0,0
40379,0,0.02
40380,0,0.09
40381,0,0.01
40382,0,0.02
40383,1,0.77
40384,0,0.3
40385,0,0.02
40386,0,0.18
40387,0,0
40388,0,0.01
40389,0,0.01
40390,0,0.07
40391,0,0.08
40392,0,0.08
40393,0,0
40394,0,0.13
40395,0,0.02
40396,0,0.02
40397,0,0.01
40398,0,0.01
40399,0,0.17
40400,0,0.02
40401,0,0
40402,0,0.02
40403,0,0
40404,0,0
40405,0,0.11
40406,0,0.06
40407,0,0.02
40408,0,0.21
40409,0,0.07
40410,0,0.4
40411,1,0.54
40412,0,0.3
40413,0,0.04
40414,0,0
40415,0,0.08
40416,0,0.01
40417,0,0.01
40418,0,0
40419,0,0.08
40420,1,0.53
40421,0,0.3
40422,0,0.03
40423,0,0.02
40424,0,0
40425,0,0.43
40426,0,0.14
40427,0,0.02
40428,0,0.01
40429,0,0.24
40430,0,0.47
40431,0,0.02
40432,0,0.05
40433,0,0.1
40434,0,0.02
40435,0,0.03
40436,0,0.03
40437,0,0
40438,0,0.31
40439,0,0.02
40440,0,0
40441,0,0.07
40442,0,0
40443,0,0.02
40444,0,0
40445,0,0
40446,1,0.76
40447,0,0.06
40448,0,0.12
40449,0,0
40450,0,0.01
40451,0,0.06
40452,0,0.02
40453,0,0.12
40454,0,0.02
40455,0,0
40456,0,0.07
40457,0,0.11
40458,0,0.41
40459,0,0.14
40460,0,0.24
40461,0,0.01
40462,0,0.2
40463,0,0
40464,0,0
40465,0,0.05
40466,0,0.28
40467,0,0.02
40468,0,0.04
40469,0,0
40470,0,0
40471,0,0
40472,0,0
40473,0,0
40474,0,0.03
40475,0,0.01
40476,0,0.01
40477,0,0.27
40478,0,0.01
40479,0,0.1
40480,0,0.4
40481,0,0.09
40482,0,0
40483,1,0.63
40484,0,0.02
40485,0,0.07
40486,0,0.15
40487,0,0.01
40488,1,0.62
40489,0,0.06
40490,0,0
40491,0,0.03
40492,0,0.33
40493,0,0
40494,0,0.04
40495,0,0.18
40496,0,0.03
40497,0,0.01
40498,0,0.01
40499,0,0.26
40500,0,0
40501,0,0.01
40502,0,0.05
40503,0,0.03
40504,0,0.01
40505,0,0
40506,0,0.16
40507,0,0.08
40508,0,0.05
40509,0,0.06
40510,0,0.09
40511,0,0.05
40512,0,0
40513,0,0
40514,0,0.01
40515,0,0
40516,0,0.4
40517,0,0.01
40518,0,0.16
40519,0,0.24
40520,0,0.42
40521,0,0.17
40522,0,0.36
40523,0,0
40524,0,0
40525,0,0
40526,0,0
40527,0,0
40528,0,0
40529,0,0.01
40530,0,0.34
40531,0,0.01
40532,0,0
40533,1,0.56
40534,0,0.12
40535,0,0.03
40536,0,0.35
40537,0,0.01
40538,0,0.03
40539,0,0.05
40540,0,0.16
40541,0,0.18
40542,0,0.35
40543,0,0.11
40544,0,0.14
40545,0,0.01
40546,0,0.01
40547,0,0.15
40548,0,0.16
40549,0,0.08
40550,0,0.05
40551,0,0
40552,0,0.01
40553,0,0.32
40554,0,0
40555,0,0.12
40556,0,0
40557,0,0.01
40558,0,0
40559,0,0.09
40560,0,0.01
40561,0,0.05
40562,0,0
40563,0,0.11
40564,0,0.03
40565,0,0.44
40566,0,0
40567,0,0
40568,0,0.16
40569,0,0
40570,0,0.02
40571,0,0.35
40572,0,0.07
40573,0,0.12
40574,0,0.4
40575,0,0.23
40576,0,0.02
40577,1,0.66
40578,0,0.12
40579,0,0
40580,0,0.03
40581,0,0.02
40582,0,0.03
40583,0,0.17
40584,0,0.01
40585,0,0.11
40586,0,0.03
40587,0,0.02
40588,0,0.05
40589,0,0.08
40590,0,0.01
40591,0,0.05
40592,0,0.07
40593,0,0.09
40594,0,0.05
40595,0,0.07
40596,0,0.04
40597,1,0.58
40598,0,0
40599,0,0
40600,0,0.16
40601,0,0.11
40602,0,0.1
40603,0,0.49
40604,0,0.02
40605,0,0.09
40606,0,0.04
40607,0,0
40608,0,0
40609,0,0.01
40610,0,0
40611,0,0.25
40612,0,0.01
40613,0,0
40614,0,0
40615,0,0.2
40616,0,0
40617,0,0.09
40618,0,0
40619,0,0.01
40620,0,0
40621,0,0.01
40622,0,0.1
40623,0,0.01
40624,0,0.07
40625,0,0.3
40626,0,0.01
40627,1,0.58
40628,0,0
40629,0,0.07
40630,0,0.09
40631,0,0
40632,0,0.07
40633,0,0.09
40634,0,0
40635,0,0.16
40636,0,0
40637,0,0.06
40638,0,0.01
40639,0,0
40640,0,0.07
40641,0,0
40642,0,0.04
40643,0,0.02
40644,0,0.01
40645,0,0.17
40646,0,0.04
40647,0,0.12
40648,0,0.02
40649,0,0.27
40650,0,0.3
40651,0,0
40652,0,0.48
40653,0,0
40654,1,0.66
40655,0,0.05
40656,0,0.11
40657,0,0.38
40658,0,0.01
40659,0,0
40660,0,0.04
40661,0,0.19
40662,0,0
40663,0,0
40664,0,0.13
40665,0,0.01
40666,0,0.03
40667,0,0
40668,0,0.01
40669,0,0.01
40670,0,0.02
40671,0,0.03
40672,0,0.25
40673,0,0.02
40674,0,0.04
40675,0,0.04
40676,0,0
40677,0,0.41
40678,1,0.57
40679,0,0.28
40680,0,0.02
40681,0,0.35
40682,0,0.06
40683,0,0.19
40684,0,0.17
40685,0,0
40686,0,0.02
40687,0,0.05
40688,0,0
40689,0,0.06
40690,0,0.12
40691,0,0.02
40692,0,0.01
40693,1,0.61
40694,0,0.01
40695,0,0.08
40696,0,0.11
40697,0,0.04
40698,0,0.45
40699,0,0.1
40700,0,0.24
40701,0,0.01
40702,0,0.02
40703,0,0.11
40704,0,0
40705,0,0
40706,0,0.02
40707,0,0.09
40708,0,0.07
40709,0,0.01
40710,0,0.08
40711,0,0.13
40712,0,0.01
40713,0,0.04
40714,0,0
40715,0,0
40716,0,0.03
40717,0,0.07
40718,0,0.06
40719,0,0.06
40720,0,0.18
40721,0,0.04
40722,0,0
40723,0,0.01
40724,0,0.11
40725,1,0.55
40726,0,0.05
40727,0,0.43
40728,0,0.04
40729,0,0
40730,0,0.31
40731,0,0.06
40732,0,0.24
40733,0,0
40734,0,0.01
40735,0,0.02
40736,0,0.14
40737,0,0.06
40738,0,0.15
40739,0,0.01
40740,0,0.01
40741,0,0.15
40742,0,0
40743,0,0.08
40744,0,0
40745,0,0.24
40746,0,0
40747,0,0
40748,0,0
40749,0,0
40750,0,0.25
40751,0,0
40752,0,0.03
40753,0,0.01
40754,0,0.08
40755,0,0.07
40756,0,0.05
40757,0,0
40758,0,0.04
40759,0,0
40760,0,0.01
40761,0,0.16
40762,0,0.26
40763,0,0.31
40764,0,0.47
40765,0,0.01
40766,0,0.34
40767,0,0.04
40768,0,0
40769,0,0.11
40770,0,0.05
40771,0,0.01
40772,0,0.26
40773,0,0.06
40774,0,0.05
40775,0,0.01
40776,0,0.15
40777,0,0.03
40778,0,0.02
40779,0,0.2
40780,0,0.03
40781,0,0.03
40782,0,0.04
40783,0,0.06
40784,0,0.21
40785,0,0.04
40786,0,0.03
40787,0,0.03
40788,0,0.02
40789,0,0.03
40790,0,0.24
40791,0,0.04
40792,0,0.09
40793,0,0.08
40794,0,0.08
40795,0,0
40796,0,0.01
40797,0,0.24
40798,0,0.01
40799,0,0.1
40800,0,0
40801,0,0
40802,0,0
40803,0,0.48
40804,0,0.02
40805,0,0.01
40806,0,0.02
40807,0,0
40808,0,0
40809,0,0
40810,0,0.25
40811,0,0.01
40812,0,0.02
40813,0,0
40814,0,0.01
40815,0,0.4
40816,0,0.02
40817,1,0.72
40818,0,0.08
40819,0,0
40820,0,0
40821,0,0.12
40822,1,0.62
40823,0,0.02
40824,1,0.72
40825,0,0.01
40826,0,0.33
40827,0,0.16
40828,0,0
40829,0,0.09
40830,0,0.03
40831,0,0.02
40832,0,0
40833,0,0.2
40834,0,0.05
40835,0,0
40836,0,0
40837,0,0
40838,0,0.09
40839,0,0.01
40840,0,0.05
40841,0,0
40842,0,0.46
40843,0,0.22
40844,0,0.01
40845,0,0.06
40846,0,0.02
40847,0,0.03
40848,0,0
40849,0,0.3
40850,0,0.05
40851,0,0.02
40852,0,0.03
40853,0,0
40854,0,0.05
40855,1,0.6
40856,0,0.01
40857,0,0.37
40858,0,0.07
40859,0,0.01
40860,0,0.21
40861,0,0.16
40862,0,0.02
40863,0,0.05
40864,0,0.17
40865,0,0.1
40866,0,0.27
40867,0,0.03
40868,1,0.66
40869,0,0.07
40870,0,0.05
40871,0,0
40872,0,0.08
40873,0,0.03
40874,0,0.05
40875,0,0.26
40876,0,0.03
40877,0,0.28
40878,0,0.02
40879,0,0.2
40880,0,0.09
40881,0,0.05
40882,0,0.03
40883,0,0.1
40884,0,0.06
40885,0,0.14
40886,0,0.03
40887,0,0.29
40888,0,0.02
40889,0,0
40890,0,0
40891,0,0.07
40892,0,0.08
40893,0,0.01
40894,0,0.01
40895,0,0.15
40896,0,0
40897,0,0.03
40898,0,0.09
40899,0,0.32
40900,0,0.08
40901,0,0.07
40902,0,0
40903,0,0
40904,0,0
40905,0,0
40906,0,0
40907,0,0
40908,0,0.01
40909,0,0
40910,0,0.25
40911,0,0.22
40912,0,0.16
40913,1,0.51
40914,0,0.02
40915,0,0.04
40916,0,0.01
40917,0,0.14
40918,0,0.1
40919,1,0.72
40920,0,0.04
40921,0,0.01
40922,0,0
40923,0,0.1
40924,0,0.04
40925,0,0.03
40926,1,0.62
40927,0,0.29
40928,0,0.02
40929,0,0.05
40930,0,0.03
40931,0,0.04
40932,0,0.02
40933,0,0.01
40934,0,0
40935,1,0.62
40936,0,0
40937,0,0.35
40938,0,0.2
40939,0,0.1
40940,0,0
40941,0,0.04
40942,0,0.13
40943,0,0.01
40944,0,0.07
40945,0,0
40946,0,0.22
40947,0,0.04
40948,0,0.48
40949,0,0.01
40950,0,0.02
40951,0,0
40952,0,0
40953,0,0.08
40954,0,0
40955,0,0.03
40956,0,0.29
40957,1,0.51
40958,0,0
40959,0,0.01
40960,0,0.08
40961,0,0.04
40962,0,0.03
40963,0,0.13
40964,0,0.01
40965,0,0
40966,0,0.09
40967,0,0.07
40968,0,0.03
40969,0,0.02
40970,0,0.11
40971,0,0.14
40972,0,0.01
40973,0,0.28
40974,0,0.03
40975,0,0.3
40976,0,0.3
40977,0,0.01
40978,0,0.02
40979,0,0.2
40980,0,0.03
40981,0,0
40982,0,0.01
40983,0,0
40984,0,0
40985,0,0
40986,0,0.04
40987,0,0.32
40988,0,0.13
40989,0,0.07
40990,0,0.01
40991,0,0.19
40992,0,0.16
40993,0,0.06
40994,0,0.08
40995,0,0.03
40996,0,0.02
40997,0,0.37
40998,0,0.02
40999,0,0.01
41000,0,0
41001,0,0.03
41002,0,0.08
41003,0,0.05
41004,0,0
41005,0,0.33
41006,0,0.03
41007,0,0.15
41008,0,0
41009,0,0
41010,0,0.02
41011,0,0.01
41012,0,0
41013,0,0.01
41014,0,0
41015,0,0
41016,0,0
41017,1,0.62
41018,0,0.11
41019,0,0.06
41020,0,0
41021,1,0.76
41022,0,0
41023,0,0.02
41024,0,0.09
41025,0,0.38
41026,0,0.04
41027,0,0
41028,0,0.13
41029,0,0.02
41030,0,0.02
41031,0,0
41032,0,0
41033,0,0.05
41034,0,0
41035,0,0.03
41036,0,0.01
41037,0,0.18
41038,1,0.51
41039,0,0.05
41040,0,0.12
41041,0,0
41042,0,0.01
41043,0,0.01
41044,0,0.02
41045,0,0.02
41046,0,0.36
41047,0,0.32
41048,0,0.19
41049,0,0.02
41050,0,0
41051,0,0
41052,1,0.54
41053,0,0
41054,1,0.58
41055,0,0.06
41056,0,0.03
41057,0,0
41058,0,0.01
41059,0,0
41060,0,0.2
41061,0,0.03
41062,0,0
41063,0,0.01
41064,0,0.02
41065,0,0.36
41066,0,0.18
41067,0,0
41068,0,0.01
41069,0,0
41070,0,0
41071,1,0.73
41072,0,0
41073,0,0.06
41074,0,0.15
41075,0,0
41076,0,0.04
41077,0,0.01
41078,0,0.16
41079,0,0.02
41080,0,0.24
41081,1,0.67
41082,0,0
41083,1,0.71
41084,0,0.02
41085,0,0.05
41086,0,0.02
41087,0,0.01
41088,0,0.18
41089,0,0.01
41090,0,0.17
41091,0,0
41092,0,0.09
41093,0,0.02
41094,0,0.14
41095,0,0.05
41096,0,0
41097,0,0.4
41098,0,0.03
41099,0,0.04
41100,0,0.03
41101,0,0.18
41102,0,0.37
41103,0,0.03
41104,0,0.02
41105,0,0
41106,0,0.14
41107,0,0.03
41108,0,0.43
41109,0,0
41110,0,0.02
41111,0,0.21
41112,0,0.46
41113,0,0.01
41114,0,0.33
41115,0,0.08
41116,0,0.02
41117,0,0.05
41118,0,0.04
41119,0,0.06
41120,0,0.02
41121,0,0.28
41122,0,0
41123,0,0
41124,0,0.04
41125,0,0.08
41126,0,0.31
41127,0,0.01
41128,0,0.24
41129,0,0.01
41130,0,0.01
41131,0,0.03
41132,0,0.07
41133,0,0.03
41134,0,0.28
41135,0,0.03
41136,0,0
41137,0,0
41138,0,0.1
41139,0,0.02
41140,0,0
41141,0,0.44
41142,0,0.01
41143,0,0
41144,0,0.18
41145,0,0
41146,0,0
41147,0,0.07
41148,0,0.04
41149,0,0.02
41150,0,0.05
41151,0,0.4
41152,0,0.04
41153,0,0.01
41154,0,0
41155,0,0.38
41156,0,0.16
41157,0,0.09
41158,0,0.01
41159,0,0.15
41160,0,0.01
41161,0,0.12
41162,0,0
41163,0,0.04
41164,0,0.05
41165,0,0.09
41166,0,0.04
41167,0,0.2
41168,0,0.13
41169,0,0.04
41170,0,0.25
41171,0,0.16
41172,0,0.02
41173,0,0.01
41174,0,0.41
41175,0,0.05
41176,0,0.01
41177,0,0.2
41178,0,0.03
41179,0,0.3
41180,0,0
41181,0,0
41182,0,0.05
41183,0,0.02
41184,0,0.08
41185,0,0.36
41186,0,0.1
41187,0,0
41188,0,0
41189,0,0.36
41190,0,0.03
41191,0,0.24
41192,1,0.72
41193,0,0
41194,0,0
41195,0,0.07
41196,0,0
41197,0,0.02
41198,0,0
41199,0,0.04
41200,0,0
41201,0,0.08
41202,0,0
41203,0,0
41204,0,0.01
41205,0,0.06
41206,0,0.23
41207,0,0.05
41208,0,0
41209,0,0.04
41210,0,0.05
41211,0,0
41212,0,0.03
41213,0,0.17
41214,1,0.62
41215,0,0.2
41216,0,0.01
41217,0,0.01
41218,0,0.27
41219,0,0.24
41220,0,0
41221,0,0.11
41222,0,0.01
41223,0,0.14
41224,0,0.42
41225,0,0.11
41226,0,0
41227,0,0.44
41228,0,0.01
41229,0,0.02
41230,0,0.02
41231,0,0.44
41232,0,0.05
41233,0,0
41234,0,0.07
41235,0,0.01
41236,0,0.05
41237,0,0.18
41238,0,0.03
41239,0,0.27
41240,0,0
41241,0,0
41242,0,0.06
41243,0,0.01
41244,0,0.03
41245,0,0.17
41246,0,0.48
41247,0,0.02
41248,0,0.41
41249,0,0.02
41250,0,0
41251,0,0
41252,0,0.07
41253,0,0
41254,0,0
41255,0,0
41256,0,0.1
41257,0,0.36
41258,0,0.04
41259,0,0.1
41260,0,0.04
41261,0,0.09
41262,0,0.08
41263,0,0.39
41264,0,0
41265,0,0.03
41266,0,0.01
41267,0,0.01
41268,0,0.09
41269,0,0.03
41270,0,0.11
41271,0,0
41272,0,0.01
41273,0,0.06
41274,0,0.19
41275,0,0.3
41276,0,0.01
41277,0,0
41278,0,0
41279,0,0.41
41280,0,0
41281,0,0.02
41282,0,0
41283,0,0.15
41284,0,0.21
41285,0,0.02
41286,0,0.02
41287,0,0.37
41288,0,0.27
41289,0,0.01
41290,0,0.18
41291,1,0.62
41292,0,0.15
41293,0,0.02
41294,0,0
41295,0,0.17
41296,0,0
41297,0,0
41298,0,0.49
41299,0,0.05
41300,0,0.34
41301,0,0
41302,0,0.02
41303,0,0
41304,0,0
41305,0,0.36
41306,0,0.08
41307,0,0
41308,0,0
41309,0,0.01
41310,0,0.02
41311,1,0.68
41312,0,0
41313,0,0.05
41314,0,0.19
41315,0,0.01
41316,0,0.26
41317,0,0.08
41318,0,0.04
41319,0,0.03
41320,0,0.09
41321,0,0.02
41322,0,0.31
41323,0,0.01
41324,0,0.03
41325,0,0
41326,0,0.04
41327,0,0.02
41328,0,0.05
41329,0,0.12
41330,0,0.08
41331,0,0
41332,0,0.19
41333,0,0.01
41334,0,0.02
41335,0,0.01
41336,1,0.57
41337,0,0.06
41338,0,0.05
41339,0,0
41340,0,0
41341,1,0.65
41342,0,0.02
41343,0,0.07
41344,1,0.77
41345,0,0.12
41346,0,0.01
41347,0,0.04
41348,0,0.31
41349,0,0.37
41350,0,0
41351,1,0.57
41352,0,0
41353,0,0.01
41354,0,0
41355,0,0.01
41356,0,0
41357,0,0.01
41358,0,0.09
41359,0,0.01
41360,0,0.05
41361,0,0.01
41362,1,0.51
41363,1,0.57
41364,0,0.01
41365,0,0.15
41366,0,0.02
41367,0,0.05
41368,0,0.07
41369,0,0
41370,1,0.8
41371,0,0.01
41372,0,0
41373,0,0.01
41374,0,0
41375,0,0.02
41376,0,0
41377,0,0.03
41378,0,0
41379,0,0.25
41380,0,0.4
41381,0,0.2
41382,0,0.01
41383,0,0.24
41384,0,0.01
41385,0,0.02
41386,0,0.06
41387,0,0
41388,0,0.04
41389,0,0.05
41390,0,0.49
41391,0,0.36
41392,0,0
41393,0,0.07
41394,0,0.02
41395,0,0
41396,0,0
41397,0,0.05
41398,0,0.06
41399,0,0.01
41400,0,0.02
41401,0,0.41
41402,0,0.12
41403,0,0.45
41404,0,0.23
41405,0,0
41406,0,0.1
41407,0,0.15
41408,0,0.06
41409,1,0.69
41410,0,0.02
41411,0,0.02
41412,0,0
41413,0,0.04
41414,0,0.03
41415,0,0.27
41416,0,0.03
41417,0,0
41418,0,0
41419,0,0.14
41420,0,0.17
41421,0,0.03
41422,0,0
41423,0,0
41424,0,0.02
41425,0,0.04
41426,0,0.24
41427,0,0.01
41428,0,0.05
41429,0,0.02
41430,0,0.07
41431,0,0.05
41432,0,0.01
41433,0,0.01
41434,0,0.24
41435,0,0
41436,0,0
41437,0,0
41438,0,0
41439,0,0.01
41440,0,0.22
41441,0,0.4
41442,0,0.05
41443,0,0.16
41444,0,0.03
41445,0,0.03
41446,0,0.15
41447,0,0
41448,0,0.05
41449,0,0.03
41450,0,0.19
41451,0,0
41452,0,0
41453,0,0.06
41454,0,0.39
41455,0,0.02
41456,0,0.12
41457,1,0.55
41458,0,0
41459,0,0.35
41460,0,0.27
41461,0,0.32
41462,1,0.52
41463,0,0.16
41464,0,0.07
41465,0,0
41466,0,0.01
41467,0,0.09
41468,0,0.05
41469,0,0.04
41470,0,0
41471,0,0
41472,0,0.34
41473,0,0
41474,0,0.42
41475,0,0
41476,0,0.02
41477,0,0.02
41478,0,0
41479,0,0.02
41480,0,0.04
41481,0,0
41482,0,0.03
41483,0,0.02
41484,0,0
41485,0,0.14
41486,0,0
41487,0,0.07
41488,0,0.29
41489,1,0.55
41490,0,0.29
41491,0,0.06
41492,0,0.01
41493,0,0
41494,0,0.05
41495,0,0
41496,0,0.07
41497,0,0.03
41498,0,0.37
41499,0,0.04
41500,0,0.08
41501,0,0.32
41502,0,0.15
41503,0,0.04
41504,0,0.02
41505,0,0
41506,0,0.08
41507,0,0.46
41508,0,0
41509,0,0.04
41510,0,0.03
41511,0,0.27
41512,0,0.16
41513,0,0.01
41514,0,0.42
41515,0,0.02
41516,0,0.01
41517,0,0.32
41518,0,0.37
41519,0,0.36
41520,0,0
41521,1,0.57
41522,0,0.17
41523,0,0
41524,0,0
41525,0,0.09
41526,0,0.21
41527,0,0.04
41528,0,0
41529,0,0
41530,0,0.07
41531,0,0
41532,0,0
41533,0,0.03
41534,0,0.01
41535,0,0
41536,0,0.01
41537,0,0.04
41538,0,0.25
41539,0,0.35
41540,0,0.04
41541,0,0.12
41542,0,0.01
41543,0,0
41544,0,0.03
41545,0,0.06
41546,0,0
41547,0,0.09
41548,0,0.02
41549,0,0.05
41550,0,0.12
41551,0,0.14
41552,0,0.25
41553,0,0.04
41554,0,0.03
41555,0,0.1
41556,0,0.16
41557,0,0
41558,0,0.17
41559,0,0.02
41560,0,0.01
41561,0,0.4
41562,0,0.01
41563,0,0.02
41564,0,0.01
41565,0,0.01
41566,0,0.01
41567,0,0.03
41568,0,0
41569,0,0.01
41570,0,0.06
41571,0,0
41572,0,0.33
41573,0,0.3
41574,0,0
41575,0,0.01
41576,0,0
41577,0,0.01
41578,1,0.61
41579,0,0.24
41580,0,0.05
41581,1,0.76
41582,0,0.13
41583,0,0.05
41584,0,0.01
41585,0,0.06
41586,0,0.01
41587,0,0
41588,0,0.02
41589,0,0.15
41590,0,0.02
41591,0,0.12
41592,0,0.37
41593,0,0
41594,0,0.01
41595,0,0.01
41596,0,0.02
41597,0,0.01
41598,0,0
41599,0,0.1
41600,0,0.07
41601,0,0.44
41602,0,0.18
41603,1,0.51
41604,0,0.03
41605,0,0.04
41606,0,0.03
41607,0,0
41608,0,0.26
41609,0,0.25
41610,0,0.03
41611,0,0
41612,0,0
41613,0,0.37
41614,0,0.01
41615,0,0.01
41616,0,0.02
41617,0,0.01
41618,0,0
41619,0,0.06
41620,0,0.03
41621,0,0
41622,0,0.01
41623,0,0.11
41624,0,0.01
41625,0,0
41626,0,0
41627,0,0.03
41628,0,0
41629,0,0
41630,0,0.01
41631,0,0.01
41632,0,0.09
41633,0,0.13
41634,1,0.59
41635,0,0
41636,1,0.57
41637,0,0.02
41638,0,0.03
41639,0,0.01
41640,0,0.04
41641,0,0.16
41642,0,0.14
41643,0,0.27
41644,0,0
41645,0,0.01
41646,1,0.59
41647,0,0.47
41648,0,0.28
41649,0,0.1
41650,0,0.01
41651,0,0.27
41652,0,0.05
41653,0,0
41654,0,0.01
41655,0,0.01
41656,0,0
41657,0,0.04
41658,0,0.14
41659,0,0.39
41660,0,0.15
41661,0,0.01
41662,0,0.01
41663,0,0.07
41664,0,0.07
41665,0,0.27
41666,0,0.06
41667,0,0.01
41668,0,0.01
41669,0,0.01
41670,0,0
41671,0,0.06
41672,0,0
41673,0,0.02
41674,1,0.77
41675,0,0.03
41676,0,0.03
41677,0,0
41678,0,0.06
41679,0,0
41680,0,0
41681,0,0
41682,0,0.16
41683,0,0
41684,0,0
41685,0,0
41686,0,0.03
41687,0,0
41688,0,0.08
41689,0,0
41690,0,0.15
41691,0,0.04
41692,0,0.01
41693,0,0.44
41694,0,0.02
41695,0,0.15
41696,0,0.01
41697,0,0
41698,0,0
41699,0,0.23
41700,0,0
41701,0,0.48
41702,0,0.09
41703,0,0.03
41704,0,0.06
41705,0,0.16
41706,0,0
41707,0,0
41708,0,0.19
41709,0,0.1
41710,0,0.32
41711,0,0.03
41712,0,0.13
41713,0,0.03
41714,0,0.03
41715,0,0.02
41716,0,0.01
41717,0,0.45
41718,0,0.08
41719,0,0.04
41720,0,0.38
41721,0,0.39
41722,0,0.09
41723,1,0.51
41724,0,0
41725,0,0.01
41726,0,0
41727,0,0
41728,0,0
41729,0,0.02
41730,0,0.03
41731,0,0.02
41732,0,0
41733,0,0.04
41734,0,0.06
41735,0,0
41736,0,0
41737,0,0
41738,0,0
41739,0,0.05
41740,0,0
41741,0,0.24
41742,0,0.04
41743,0,0.36
41744,0,0.01
41745,0,0
41746,0,0
41747,0,0.01
41748,0,0.26
41749,0,0
41750,0,0.03
41751,0,0
41752,0,0
41753,0,0
41754,0,0
41755,0,0.02
41756,0,0.01
41757,0,0
41758,0,0.02
41759,0,0.03
41760,0,0
41761,0,0.01
41762,0,0.04
41763,0,0
41764,0,0
41765,0,0.34
41766,0,0.07
41767,0,0.13
41768,0,0.31
41769,0,0.45
41770,1,0.8
41771,0,0.39
41772,0,0
41773,0,0.06
41774,0,0.32
41775,0,0.01
41776,0,0.45
41777,0,0.06
41778,0,0.24
41779,0,0.01
41780,0,0.05
41781,0,0
41782,0,0.01
41783,0,0.01
41784,0,0.05
41785,0,0.01
41786,0,0.01
41787,0,0.47
41788,0,0.21
41789,0,0
41790,0,0.08
41791,0,0
41792,0,0.05
41793,0,0
41794,0,0.06
41795,0,0.02
41796,0,0
41797,0,0
41798,0,0.01
41799,0,0.01
41800,0,0.07
41801,0,0
41802,0,0.46
41803,0,0.01
41804,0,0
41805,0,0.37
41806,0,0
41807,0,0.43
41808,0,0.24
41809,0,0.09
41810,0,0
41811,0,0.14
41812,0,0.01
41813,0,0.02
41814,0,0.28
41815,0,0.14
41816,0,0.03
41817,0,0.01
41818,0,0.03
41819,0,0.09
41820,0,0.13
41821,0,0
41822,0,0.02
41823,0,0.2
41824,0,0.02
41825,0,0
41826,0,0
41827,0,0.01
41828,0,0.12
41829,0,0.01
41830,0,0.11
41831,0,0.35
41832,1,0.58
41833,0,0.02
41834,0,0.08
41835,0,0.05
41836,0,0.04
41837,0,0.17
41838,0,0.11
41839,0,0.01
41840,0,0
41841,0,0.05
41842,0,0.46
41843,0,0.02
41844,0,0.01
41845,0,0.03
41846,0,0.12
41847,0,0.04
41848,0,0.03
41849,0,0.07
41850,0,0.03
41851,0,0.19
41852,0,0.01
41853,0,0
41854,0,0.06
41855,0,0
41856,0,0
41857,0,0.01
41858,0,0.01
41859,0,0.01
41860,0,0.01
41861,0,0.35
41862,0,0
41863,0,0.01
41864,0,0.02
41865,0,0
41866,0,0.09
41867,0,0.05
41868,0,0.14
41869,1,0.69
41870,0,0.07
41871,0,0.06
41872,0,0.03
41873,0,0.02
41874,0,0.14
41875,0,0
41876,0,0.07
41877,0,0.01
41878,0,0.13
41879,0,0.05
41880,0,0.39
41881,0,0
41882,0,0.03
41883,0,0.01
41884,0,0.31
41885,0,0.22
41886,0,0.01
41887,0,0.02
41888,0,0.02
41889,0,0.45
41890,0,0.01
41891,1,0.66
41892,0,0.27
41893,0,0
41894,0,0
41895,0,0.02
41896,0,0.03
41897,0,0.03
41898,0,0.04
41899,0,0.01
41900,0,0
41901,0,0.02
41902,0,0.15
41903,0,0
41904,0,0.03
41905,0,0.01
41906,0,0.07
41907,0,0.3
41908,0,0.41
41909,0,0
41910,0,0.04
41911,0,0
41912,0,0.05
41913,0,0.12
41914,1,0.55
41915,0,0.22
41916,0,0.17
41917,0,0.05
41918,0,0.12
41919,1,0.59
41920,0,0.08
41921,0,0.13
41922,0,0.15
41923,0,0.4
41924,0,0.08
41925,0,0.03
41926,0,0.06
41927,0,0
41928,0,0
41929,0,0.01
41930,0,0.02
41931,0,0.19
41932,0,0.32
41933,0,0.16
41934,0,0.13
41935,0,0.05
41936,0,0
41937,0,0.03
41938,0,0.42
41939,0,0
41940,0,0.07
41941,1,0.65
41942,0,0
41943,0,0.01
41944,0,0.1
41945,0,0
41946,0,0.27
41947,0,0.01
41948,0,0.09
41949,0,0.35
41950,0,0.11
41951,0,0.18
41952,0,0.4
41953,0,0.01
41954,0,0
41955,1,0.62
41956,0,0
41957,0,0.1
41958,0,0
41959,0,0.06
41960,0,0.43
41961,0,0.01
41962,0,0.05
41963,0,0.02
41964,0,0
41965,0,0
41966,0,0.22
41967,0,0
41968,0,0.03
41969,0,0.07
41970,0,0.47
41971,0,0.18
41972,0,0.03
41973,0,0.02
41974,0,0.04
41975,0,0
41976,0,0.03
41977,0,0.01
41978,0,0.02
41979,0,0.01
41980,0,0
41981,0,0.04
41982,0,0.05
41983,0,0.02
41984,0,0.01
41985,0,0.02
41986,0,0
41987,1,0.8
41988,0,0
41989,0,0
41990,0,0.16
41991,0,0.27
41992,0,0.11
41993,0,0.02
41994,0,0.03
41995,0,0
41996,0,0.32
41997,0,0.04
41998,0,0.11
41999,0,0
42000,0,0.36
42001,0,0.32
42002,0,0
42003,0,0
42004,0,0.01
42005,0,0
42006,0,0.08
42007,0,0.01
42008,0,0.12
42009,0,0.02
42010,0,0.01
42011,0,0
42012,0,0.06
42013,0,0.08
42014,0,0.04
42015,0,0.01
42016,0,0.29
42017,0,0
42018,0,0.03
42019,0,0.01
42020,0,0.42
42021,0,0.4
42022,0,0
42023,0,0
42024,0,0.03
42025,0,0.06
42026,0,0.33
42027,0,0.02
42028,0,0.06
42029,0,0.15
42030,0,0.01
42031,0,0.03
42032,0,0.29
42033,0,0.04
42034,0,0
42035,0,0
42036,0,0.31
42037,0,0.08
42038,0,0.37
42039,0,0
42040,0,0.33
42041,0,0.01
42042,0,0.02
42043,0,0.3
42044,0,0.21
42045,0,0.03
42046,0,0
42047,0,0
42048,0,0.1
42049,1,0.52
42050,0,0.02
42051,0,0.09
42052,0,0.01
42053,0,0.25
42054,0,0.02
42055,0,0.01
42056,0,0.02
42057,0,0.01
42058,0,0.09
42059,0,0
42060,0,0
42061,0,0.26
42062,0,0.02
42063,0,0.09
42064,0,0.05
42065,0,0.18
42066,0,0
42067,0,0.11
42068,0,0.02
42069,0,0.02
42070,0,0.11
42071,0,0.03
42072,0,0.01
42073,0,0
42074,0,0.21
42075,0,0
42076,0,0.02
42077,0,0.04
42078,0,0.04
42079,0,0.04
42080,0,0.01
42081,0,0.02
42082,0,0.02
42083,0,0.02
42084,0,0.16
42085,0,0.01
42086,0,0.01
42087,0,0
42088,0,0.02
42089,0,0.03
42090,0,0
42091,0,0.1
42092,0,0.03
42093,0,0
42094,0,0.05
42095,0,0.01
42096,0,0
42097,0,0
42098,0,0
42099,0,0.01
42100,0,0
42101,0,0.15
42102,0,0.08
42103,0,0
42104,0,0.01
42105,0,0.03
42106,0,0.09
42107,0,0.02
42108,0,0.01
42109,0,0.01
42110,0,0.02
42111,0,0.05
42112,0,0
42113,0,0.02
42114,0,0.01
42115,0,0
42116,0,0
42117,0,0.06
42118,0,0
42119,0,0.05
42120,0,0.03
42121,0,0.01
42122,0,0.18
42123,0,0.01
42124,0,0.02
42125,0,0
42126,0,0.06
42127,0,0.11
42128,1,0.52
42129,0,0.31
42130,0,0.13
42131,0,0.04
42132,0,0.05
42133,0,0.29
42134,0,0.03
42135,0,0.05
42136,1,0.59
42137,0,0.12
42138,0,0.41
42139,0,0
42140,0,0
42141,0,0.05
42142,0,0
42143,0,0.32
42144,0,0.07
42145,0,0.07
42146,0,0
42147,1,0.64
42148,0,0.34
42149,0,0.49
42150,0,0.02
42151,0,0.02
42152,0,0.04
42153,0,0.02
42154,0,0
42155,0,0
42156,0,0.08
42157,0,0.07
42158,0,0.31
42159,1,0.68
42160,0,0.1
42161,0,0.03
42162,0,0
42163,0,0.18
42164,0,0.43
42165,0,0.05
42166,0,0
42167,0,0.04
42168,0,0.22
42169,0,0.03
42170,0,0.01
42171,0,0.05
42172,0,0.01
42173,0,0.3
42174,0,0.04
42175,0,0.09
42176,1,0.76
42177,1,0.55
42178,0,0.09
42179,0,0.02
42180,0,0.06
42181,0,0.04
42182,0,0.01
42183,0,0
42184,0,0.15
42185,0,0.29
42186,0,0.02
42187,0,0.05
42188,0,0
42189,0,0.02
42190,0,0.14
42191,0,0.01
42192,0,0.01
42193,0,0
42194,0,0
42195,0,0.1
42196,0,0.08
42197,0,0.16
42198,0,0.09
42199,0,0
42200,1,0.6
42201,0,0
42202,0,0
42203,0,0.07
42204,0,0.03
42205,0,0.43
42206,0,0.01
42207,0,0
42208,0,0.31
42209,0,0.01
42210,0,0.08
42211,0,0.02
42212,0,0.06
42213,0,0.25
42214,0,0.08
42215,0,0.01
42216,0,0.23
42217,0,0.01
42218,0,0.47
42219,0,0
42220,0,0.01
42221,0,0.32
42222,1,0.71
42223,0,0.28
42224,0,0.02
42225,1,0.6
42226,0,0.03
42227,0,0.25
42228,0,0.01
42229,0,0.04
42230,1,0.58
42231,0,0.02
42232,0,0.35
42233,0,0.02
42234,0,0
42235,0,0.26
42236,0,0.3
42237,0,0
42238,0,0
42239,0,0.01
42240,0,0.04
42241,1,0.65
42242,0,0.41
42243,0,0.02
42244,0,0.04
42245,0,0
42246,0,0.27
42247,0,0
42248,0,0.46
42249,0,0
42250,0,0.01
42251,0,0.03
42252,0,0.14
42253,0,0.13
42254,0,0
42255,0,0.01
42256,0,0.09
42257,0,0.01
42258,0,0.28
42259,0,0.02
42260,0,0.01
42261,0,0
42262,0,0.44
42263,1,0.74
42264,0,0.47
42265,0,0.02
42266,0,0.18
42267,0,0.11
42268,0,0.17
42269,0,0
42270,0,0.05
42271,0,0.29
42272,0,0.11
42273,0,0.02
42274,0,0.07
42275,0,0.29
42276,0,0.03
42277,0,0.41
42278,0,0
42279,0,0
42280,0,0.06
42281,0,0.01
42282,0,0.01
42283,0,0
42284,0,0.1
42285,0,0.01
42286,0,0.4
42287,0,0.08
42288,1,0.68
42289,0,0.02
42290,0,0.05
42291,0,0.11
42292,0,0.01
42293,0,0.17
42294,0,0.01
42295,0,0.08
42296,0,0
42297,0,0.04
42298,0,0.1
42299,0,0.02
42300,0,0.02
42301,0,0.5
42302,0,0
42303,0,0.02
42304,0,0.06
42305,0,0.1
42306,0,0.01
42307,0,0.03
42308,0,0.25
42309,0,0
42310,0,0.2
42311,1,0.79
42312,0,0
42313,0,0.03
42314,0,0.2
42315,0,0.01
42316,0,0.17
42317,0,0.01
42318,0,0.01
42319,0,0
42320,0,0
42321,0,0.04
42322,0,0.01
42323,0,0.03
42324,0,0.04
42325,0,0.33
42326,0,0
42327,0,0.02
42328,0,0.02
42329,0,0.01
42330,0,0.45
42331,0,0.01
42332,0,0.01
42333,0,0.11
42334,0,0.02
42335,0,0
42336,0,0.02
42337,0,0.01
42338,0,0.03
42339,0,0.23
42340,0,0
42341,0,0.01
42342,0,0.03
42343,0,0
42344,0,0.31
42345,0,0
42346,0,0.01
42347,0,0
42348,0,0.4
42349,0,0
42350,0,0.06
42351,0,0.01
42352,0,0
42353,0,0.01
42354,0,0.03
42355,0,0.16
42356,0,0.03
42357,0,0.03
42358,0,0.02
42359,0,0
42360,0,0.31
42361,0,0.06
42362,0,0.41
42363,0,0.06
42364,0,0
42365,0,0
42366,0,0.03
42367,0,0.04
42368,0,0.33
42369,0,0.15
42370,0,0.1
42371,0,0.32
42372,0,0.19
42373,0,0
42374,0,0.18
42375,0,0.02
42376,0,0.05
42377,0,0.03
42378,1,0.64
42379,0,0.02
42380,0,0.11
42381,0,0.12
42382,0,0.05
42383,0,0.17
42384,0,0.01
42385,0,0.04
42386,0,0.18
42387,0,0.1
42388,0,0.03
42389,0,0.39
42390,0,0.01
42391,0,0.1
42392,0,0.1
42393,0,0.07
42394,0,0.16
42395,1,0.69
42396,0,0.03
42397,0,0.01
42398,0,0.01
42399,0,0.17
42400,0,0.41
42401,0,0
42402,0,0.12
42403,0,0.02
42404,0,0.38
42405,0,0
42406,0,0
42407,0,0.02
42408,0,0.01
42409,0,0
42410,0,0.03
42411,0,0.13
42412,0,0.02
42413,0,0.01
42414,0,0
42415,0,0.21
42416,0,0.06
42417,0,0.04
42418,0,0.04
42419,0,0.02
42420,0,0.03
42421,0,0.15
42422,0,0.02
42423,0,0.21
42424,0,0
42425,0,0.43
42426,0,0.05
42427,0,0.27
42428,0,0.15
42429,0,0.08
42430,0,0
42431,0,0.36
42432,0,0.02
42433,0,0.01
42434,0,0.13
42435,0,0.02
42436,1,0.54
42437,0,0.09
42438,1,0.89
42439,0,0.32
42440,0,0.19
42441,0,0.09
42442,0,0.06
42443,0,0.09
42444,0,0.02
42445,0,0
42446,0,0.31
42447,0,0.04
42448,0,0
42449,0,0.07
42450,0,0.02
42451,0,0.11
42452,0,0.17
42453,0,0.02
42454,0,0.12
42455,0,0.46
42456,0,0.01
42457,0,0.01
42458,0,0.01
42459,0,0.09
42460,0,0.19
42461,0,0.01
42462,0,0
42463,0,0
42464,0,0.16
42465,0,0.07
42466,0,0.1
42467,0,0.03
42468,0,0
42469,0,0
42470,0,0.09
42471,0,0
42472,0,0
42473,0,0.01
42474,0,0.03
42475,0,0.1
42476,0,0.1
42477,0,0.03
42478,0,0.31
42479,0,0
42480,0,0.05
42481,0,0.36
42482,0,0.01
42483,0,0.13
42484,0,0.05
42485,0,0
42486,0,0
42487,0,0.02
42488,0,0.15
42489,0,0.33
42490,0,0.09
42491,0,0
42492,0,0.01
42493,0,0.11
42494,0,0.15
42495,0,0.46
42496,0,0.03
42497,0,0
42498,0,0.03
42499,0,0.07
42500,0,0.01
42501,0,0.02
42502,0,0.03
42503,0,0.02
42504,0,0
42505,0,0.27
42506,0,0.46
42507,0,0.06
42508,0,0.02
42509,0,0.01
42510,1,0.89
42511,0,0
42512,0,0
42513,0,0
42514,0,0
42515,0,0.11
42516,0,0
42517,1,0.7
42518,0,0
42519,0,0.01
42520,0,0.13
42521,0,0.02
42522,0,0.17
42523,0,0.04
42524,0,0.01
42525,0,0.01
42526,0,0.36
42527,0,0.04
42528,0,0.14
42529,0,0
42530,1,0.63
42531,0,0
42532,0,0.01
42533,0,0.01
42534,0,0.08
42535,0,0.11
42536,0,0.03
42537,0,0.03
42538,0,0.06
42539,0,0
42540,0,0.01
42541,0,0.13
42542,0,0.04
42543,0,0.09
42544,0,0.2
42545,0,0.01
42546,0,0.03
42547,0,0
42548,0,0.02
42549,0,0.01
42550,0,0
42551,0,0
42552,0,0.13
42553,0,0.02
42554,1,0.6
42555,0,0.02
42556,1,0.59
42557,0,0.02
42558,0,0.01
42559,0,0.04
42560,0,0.03
42561,0,0.02
42562,0,0.02
42563,0,0.01
42564,0,0.02
42565,0,0.14
42566,0,0.17
42567,0,0.41
42568,0,0.3
42569,0,0.01
42570,0,0.28
42571,0,0.04
42572,0,0.08
42573,0,0.27
42574,0,0.03
42575,0,0
42576,0,0.01
42577,0,0.08
42578,0,0
42579,0,0.15
42580,0,0.01
42581,0,0.42
42582,0,0.08
42583,0,0.1
42584,0,0.06
42585,0,0.04
42586,0,0.07
42587,0,0.02
42588,0,0
42589,0,0.03
42590,0,0
42591,0,0.12
42592,1,0.65
42593,0,0.01
42594,0,0.09
42595,0,0.03
42596,0,0.08
42597,0,0.02
42598,0,0.22
42599,0,0.43
42600,0,0.01
42601,0,0
42602,0,0.16
42603,0,0.08
42604,0,0.04
42605,0,0.13
42606,0,0.01
42607,1,0.54
42608,0,0.09
42609,0,0
42610,0,0.02
42611,0,0.12
42612,0,0.13
42613,0,0.07
42614,0,0.01
42615,0,0
42616,0,0.01
42617,0,0.42
42618,0,0.01
42619,0,0.02
42620,0,0.42
42621,0,0
42622,0,0.01
42623,0,0.06
42624,0,0.01
42625,0,0.01
42626,0,0.01
42627,0,0
42628,0,0.07
42629,0,0.01
42630,0,0
42631,0,0
42632,0,0.03
42633,0,0.37
42634,0,0.1
42635,0,0.03
42636,0,0.39
42637,0,0.01
42638,0,0.09
42639,0,0.24
42640,0,0
42641,0,0
42642,0,0.29
42643,0,0.05
42644,0,0
42645,0,0.09
42646,0,0.02
42647,0,0.01
42648,0,0.31
42649,0,0
42650,0,0
42651,0,0
42652,0,0
42653,0,0.01
42654,0,0.14
42655,0,0
42656,0,0.19
42657,0,0
42658,0,0
42659,0,0.05
42660,0,0
42661,0,0.02
42662,0,0
42663,1,0.51
42664,0,0.2
42665,0,0.05
42666,0,0
42667,0,0.07
42668,0,0.43
42669,0,0.03
42670,0,0.04
42671,0,0.03
42672,0,0
42673,0,0
42674,0,0
42675,0,0.07
42676,0,0
42677,0,0.23
42678,0,0.02
42679,0,0.07
42680,0,0
42681,0,0.03
42682,0,0.05
42683,0,0.15
42684,0,0.03
42685,1,0.64
42686,0,0.5
42687,0,0.03
42688,1,0.62
42689,0,0.02
42690,0,0
42691,0,0.01
42692,0,0.01
42693,0,0
42694,0,0.1
42695,0,0.36
42696,0,0.3
42697,0,0.21
42698,0,0.47
42699,0,0
42700,0,0.18
42701,0,0.05
42702,0,0.01
42703,0,0.01
42704,0,0.44
42705,0,0
42706,0,0
42707,0,0.41
42708,0,0
42709,0,0.4
42710,0,0.05
42711,0,0.01
42712,0,0.13
42713,0,0.28
42714,0,0.01
42715,0,0.15
42716,0,0.09
42717,0,0.04
42718,0,0.25
42719,1,0.51
42720,0,0.02
42721,0,0.32
42722,0,0.04
42723,0,0.28
42724,0,0.38
42725,0,0.01
42726,0,0.01
42727,0,0.15
42728,0,0
42729,0,0.05
42730,1,0.73
42731,0,0.08
42732,0,0.01
42733,0,0.01
42734,0,0.03
42735,0,0.03
42736,0,0.11
42737,0,0.02
42738,0,0.07
42739,0,0.06
42740,1,0.72
42741,0,0.04
42742,0,0
42743,0,0.01
42744,0,0.05
42745,0,0.03
42746,0,0.01
42747,1,0.52
42748,0,0.06
42749,0,0.03
42750,0,0.07
42751,0,0.13
42752,0,0
42753,1,0.57
42754,0,0.01
42755,0,0.17
42756,0,0.03
42757,0,0.05
42758,1,0.61
42759,0,0.04
42760,0,0
42761,0,0
42762,0,0
42763,0,0.03
42764,0,0
42765,0,0
42766,0,0.03
42767,0,0.13
42768,1,0.62
42769,0,0.09
42770,0,0.01
42771,0,0.04
42772,1,0.72
42773,0,0.38
42774,0,0.05
42775,0,0.09
42776,0,0
42777,0,0.03
42778,0,0.06
42779,0,0
42780,0,0.02
42781,0,0.13
42782,0,0.33
42783,0,0.05
42784,0,0.01
42785,0,0.24
42786,0,0.02
42787,0,0.32
42788,0,0.13
42789,0,0.3
42790,0,0.09
42791,0,0.01
42792,0,0.26
42793,0,0
42794,0,0
42795,0,0.01
42796,0,0.02
42797,0,0.03
42798,0,0.19
42799,1,0.52
42800,0,0
42801,0,0.01
42802,0,0.01
42803,0,0.13
42804,0,0.42
42805,0,0.26
42806,0,0.26
42807,0,0.01
42808,0,0
42809,1,0.64
42810,0,0.38
42811,0,0.35
42812,0,0.12
42813,0,0.06
42814,0,0.07
42815,0,0
42816,0,0.01
42817,0,0.05
42818,0,0.05
42819,0,0
42820,0,0.02
42821,0,0
42822,0,0.03
42823,0,0
42824,0,0.01
42825,0,0.14
42826,0,0.02
42827,0,0.3
42828,0,0.01
42829,0,0.01
42830,0,0.1
42831,0,0.01
42832,0,0.03
42833,0,0
42834,0,0.03
42835,0,0.46
42836,0,0.01
42837,0,0.01
42838,0,0
42839,0,0.01
42840,0,0.03
42841,0,0
42842,0,0
42843,0,0.06
42844,0,0
42845,0,0
42846,0,0
42847,0,0
42848,0,0.19
42849,0,0.3
42850,0,0.18
42851,0,0
42852,0,0.01
42853,0,0.04
42854,0,0.16
42855,0,0.05
42856,0,0.01
42857,0,0.09
42858,0,0
42859,0,0
42860,0,0.1
42861,0,0.07
42862,0,0.07
42863,0,0.07
42864,0,0.39
42865,0,0.3
42866,0,0.34
42867,0,0.32
42868,0,0.19
42869,0,0
42870,0,0.08
42871,0,0.04
42872,0,0.16
42873,0,0.3
42874,0,0.08
42875,0,0.13
42876,0,0.07
42877,0,0.06
42878,0,0.06
42879,0,0.11
42880,1,0.51
42881,0,0.01
42882,0,0.07
42883,0,0
42884,0,0.01
42885,0,0
42886,0,0.04
42887,0,0.31
42888,0,0.03
42889,0,0.01
42890,0,0.17
42891,0,0
42892,1,0.64
42893,0,0
42894,0,0.12
42895,0,0.36
42896,0,0.02
42897,0,0.04
42898,0,0.19
42899,0,0.01
42900,0,0.05
42901,0,0.38
42902,0,0.16
42903,0,0.34
42904,0,0
42905,0,0.02
42906,0,0.17
42907,0,0.03
42908,0,0.27
42909,0,0
42910,0,0.04
42911,0,0.03
42912,1,0.6
42913,0,0
42914,0,0.49
42915,0,0.2
42916,0,0.08
42917,0,0.07
42918,0,0.28
42919,0,0
42920,0,0.37
42921,0,0.02
42922,0,0.14
42923,0,0.04
42924,0,0.02
42925,0,0
42926,0,0.17
42927,0,0.01
42928,0,0.05
42929,0,0.24
42930,0,0.06
42931,0,0.02
42932,0,0.04
42933,0,0
42934,0,0.13
42935,0,0.1
42936,0,0
42937,0,0
42938,0,0.01
42939,0,0.01
42940,0,0.03
42941,0,0.06
42942,0,0.01
42943,0,0.02
42944,0,0
42945,0,0
42946,0,0
42947,0,0.02
42948,0,0
42949,0,0.02
42950,0,0.01
42951,0,0
42952,0,0.07
42953,0,0.01
42954,0,0.08
42955,0,0.06
42956,0,0
42957,0,0.18
42958,0,0.04
42959,0,0.42
42960,0,0.03
42961,0,0.36
42962,0,0.04
42963,0,0.03
42964,0,0.02
42965,1,0.67
42966,0,0.01
42967,0,0.06
42968,0,0.19
42969,0,0
42970,0,0
42971,0,0.06
42972,0,0.04
42973,0,0.11
42974,0,0.12
42975,0,0.04
42976,0,0.02
42977,0,0.06
42978,0,0
42979,0,0.01
42980,0,0.38
42981,0,0
42982,0,0.25
42983,1,0.74
42984,0,0
42985,0,0.4
42986,0,0.01
42987,0,0.13
42988,0,0.03
42989,1,0.6
42990,0,0.31
42991,0,0.06
42992,0,0.23
42993,0,0
42994,0,0
42995,0,0.01
42996,0,0.03
42997,0,0.04
42998,0,0.01
42999,0,0.01
43000,0,0
43001,0,0.02
43002,0,0.12
43003,0,0
43004,0,0
43005,0,0.11
43006,0,0
43007,0,0.03
43008,0,0
43009,0,0.02
43010,0,0.13
43011,0,0.01
43012,0,0.07
43013,0,0.04
43014,0,0
43015,0,0.06
43016,0,0.05
43017,0,0.03
43018,0,0.14
43019,0,0.01
43020,0,0.15
43021,0,0.02
43022,0,0.05
43023,0,0.4
43024,0,0.02
43025,0,0.33
43026,0,0.04
43027,0,0
43028,0,0.28
43029,0,0
43030,0,0.06
43031,0,0.07
43032,0,0.02
43033,0,0.06
43034,0,0
43035,0,0
43036,0,0
43037,0,0.36
43038,0,0
43039,0,0.12
43040,0,0.01
43041,0,0
43042,0,0.15
43043,0,0.01
43044,0,0.08
43045,0,0.04
43046,1,0.59
43047,1,0.64
43048,0,0.13
43049,0,0.02
43050,0,0
43051,0,0
43052,0,0.04
43053,0,0
43054,0,0
43055,0,0.01
43056,0,0.13
43057,0,0.06
43058,0,0
43059,0,0.22
43060,0,0
43061,0,0
43062,0,0.09
43063,0,0.11
43064,0,0.04
43065,0,0.04
43066,0,0.47
43067,0,0.03
43068,0,0.11
43069,0,0
43070,0,0.01
43071,0,0.1
43072,0,0.01
43073,0,0
43074,0,0
43075,0,0.23
43076,0,0
43077,0,0.1
43078,0,0
43079,0,0.09
43080,0,0.04
43081,0,0.12
43082,0,0.03
43083,0,0.02
43084,0,0.1
43085,0,0.08
43086,0,0
43087,0,0.04
43088,0,0.04
43089,0,0.01
43090,0,0.08
43091,0,0.01
43092,0,0.03
43093,0,0.12
43094,0,0.02
43095,0,0.01
43096,0,0.01
43097,0,0.45
43098,0,0.01
43099,0,0
43100,0,0.02
43101,0,0.02
43102,0,0.02
43103,1,0.76
43104,0,0.02
43105,1,0.7
43106,1,0.53
43107,0,0.03
43108,0,0.01
43109,0,0.06
43110,0,0.12
43111,0,0
43112,0,0
43113,0,0
43114,0,0
43115,0,0.02
43116,0,0.03
43117,0,0
43118,0,0
43119,0,0
43120,0,0.5
43121,0,0
43122,0,0.13
43123,0,0.04
43124,0,0
43125,0,0.08
43126,0,0.32
43127,0,0
43128,0,0.01
43129,0,0.02
43130,0,0.23
43131,0,0.04
43132,0,0.06
43133,0,0.21
43134,0,0.02
43135,0,0.12
43136,0,0.02
43137,0,0.39
43138,0,0.03
43139,0,0.08
43140,0,0.02
43141,0,0.01
43142,0,0.01
43143,0,0.35
43144,0,0.13
43145,0,0.04
43146,0,0
43147,0,0.35
43148,0,0.01
43149,0,0.05
43150,0,0.26
43151,0,0
43152,0,0.02
43153,0,0.2
43154,1,0.72
43155,0,0.03
43156,0,0
43157,0,0.15
43158,1,0.63
43159,0,0.02
43160,0,0.3
43161,0,0.07
43162,0,0
43163,0,0.03
43164,0,0.33
43165,0,0.32
43166,0,0.1
43167,0,0
43168,0,0.3
43169,0,0.02
43170,0,0.09
43171,0,0.19
43172,0,0
43173,1,0.56
43174,0,0
43175,0,0
43176,0,0.16
43177,0,0.12
43178,0,0.35
43179,0,0.36
43180,0,0
43181,0,0
43182,0,0
43183,0,0.12
43184,0,0.08
43185,0,0.03
43186,0,0
43187,0,0.01
43188,0,0.47
43189,0,0
43190,0,0.05
43191,0,0
43192,0,0.17
43193,0,0.07
43194,0,0.04
43195,0,0.02
43196,0,0.05
43197,0,0.13
43198,0,0.03
43199,0,0
43200,0,0.01
43201,0,0.13
43202,0,0.03
43203,0,0.26
43204,0,0.13
43205,1,0.57
43206,0,0
43207,0,0.02
43208,0,0.03
43209,0,0
43210,0,0
43211,0,0.06
43212,0,0.13
43213,0,0.4
43214,0,0.16
43215,0,0.15
43216,0,0.15
43217,0,0
43218,0,0.44
43219,0,0.5
43220,0,0.05
43221,0,0.48
43222,0,0.02
43223,0,0.14
43224,0,0.07
43225,0,0.33
43226,0,0.02
43227,0,0
43228,0,0.01
43229,0,0.04
43230,0,0
43231,0,0.04
43232,0,0.08
43233,0,0.01
43234,0,0.03
43235,0,0
43236,0,0.18
43237,0,0.03
43238,0,0.04
43239,0,0
43240,0,0.08
43241,0,0.01
43242,0,0
43243,0,0.01
43244,0,0.01
43245,0,0
43246,0,0
43247,0,0.45
43248,0,0
43249,0,0
43250,0,0.03
43251,0,0.01
43252,0,0
43253,1,0.65
43254,0,0.08
43255,0,0
43256,0,0.04
43257,0,0.06
43258,0,0.04
43259,0,0.32
43260,0,0.26
43261,0,0.03
43262,0,0.03
43263,0,0.02
43264,0,0.08
43265,0,0.04
43266,0,0.01
43267,0,0.3
43268,0,0.39
43269,0,0
43270,0,0.06
43271,0,0.07
43272,0,0.01
43273,0,0.02
43274,0,0
43275,0,0.03
43276,0,0.1
43277,0,0.28
43278,0,0.01
43279,0,0.04
43280,0,0.03
43281,0,0.05
43282,1,0.6
43283,1,0.74
43284,0,0
43285,0,0.01
43286,0,0
43287,0,0
43288,0,0
43289,0,0
43290,0,0.02
43291,0,0.07
43292,0,0.04
43293,0,0.05
43294,0,0.08
43295,0,0.01
43296,0,0.04
43297,1,0.53
43298,0,0.05
43299,0,0.2
43300,0,0.02
43301,0,0.04
43302,1,0.52
43303,1,0.58
43304,0,0.03
43305,0,0.4
43306,0,0.02
43307,1,0.67
43308,0,0.11
43309,0,0.33
43310,0,0.08
43311,0,0.11
43312,0,0.05
43313,0,0
43314,0,0.25
43315,0,0.02
43316,0,0
43317,0,0.01
43318,0,0.01
43319,0,0.08
43320,0,0.26
43321,0,0.01
43322,0,0.48
43323,0,0.04
43324,0,0
43325,0,0.3
43326,0,0.27
43327,0,0.01
43328,0,0
43329,0,0.03
43330,0,0.06
43331,0,0.01
43332,0,0.02
43333,0,0
43334,0,0.02
43335,0,0.13
43336,0,0.07
43337,0,0.01
43338,0,0.04
43339,0,0.01
43340,0,0.03
43341,0,0.3
43342,0,0
43343,0,0.44
43344,0,0
43345,0,0.01
43346,1,0.58
43347,1,0.54
43348,0,0.11
43349,0,0.04
43350,0,0.08
43351,0,0.16
43352,0,0
43353,0,0
43354,0,0.1
43355,0,0
43356,0,0.02
43357,0,0
43358,0,0.01
43359,0,0.04
43360,1,0.72
43361,0,0.19
43362,0,0.4
43363,0,0
43364,0,0.07
43365,0,0.01
43366,0,0.02
43367,0,0.29
43368,0,0.08
43369,0,0
43370,0,0.28
43371,0,0
43372,0,0.07
43373,0,0.01
43374,0,0.01
43375,0,0.1
43376,0,0.03
43377,0,0.01
43378,0,0.37
43379,0,0.01
43380,1,0.72
43381,0,0.01
43382,0,0.11
43383,0,0.07
43384,0,0.18
43385,0,0.02
43386,0,0
43387,0,0.17
43388,0,0
43389,0,0.03
43390,0,0.03
43391,1,0.68
43392,0,0
43393,0,0.04
43394,0,0.01
43395,0,0.33
43396,0,0.05
43397,0,0.21
43398,0,0.39
43399,0,0
43400,0,0
43401,0,0.03
43402,0,0.08
43403,0,0.36
43404,0,0.01
43405,0,0.03
43406,0,0.03
43407,0,0
43408,0,0.07
43409,0,0
43410,0,0.08
43411,0,0.08
43412,0,0.02
43413,0,0.05
43414,0,0.01
43415,0,0
43416,0,0.02
43417,0,0
43418,0,0.24
43419,0,0.41
43420,0,0.01
43421,0,0.17
43422,0,0.04
43423,0,0
43424,0,0
43425,0,0.12
43426,0,0.07
43427,0,0.43
43428,0,0
43429,0,0.2
43430,0,0
43431,0,0.34
43432,0,0.01
43433,0,0.04
43434,0,0.24
43435,0,0.36
43436,0,0.02
43437,0,0.07
43438,0,0
43439,0,0.01
43440,0,0.11
43441,0,0.5
43442,0,0.27
43443,0,0.01
43444,0,0.01
43445,1,0.51
43446,0,0
43447,0,0.44
43448,0,0.05
43449,0,0.11
43450,0,0.04
43451,0,0.01
43452,1,0.77
43453,0,0.09
43454,0,0.05
43455,0,0.03
43456,0,0.03
43457,0,0.03
43458,0,0.02
43459,0,0
43460,0,0.08
43461,0,0.03
43462,0,0
43463,0,0.2
43464,0,0.08
43465,0,0.05
43466,0,0.01
43467,0,0.03
43468,0,0.11
43469,0,0.03
43470,0,0.08
43471,0,0.01
43472,0,0.3
43473,0,0.48
43474,0,0
43475,0,0.04
43476,0,0.01
43477,0,0
43478,0,0.05
43479,0,0.03
43480,0,0.01
43481,0,0.01
43482,0,0.02
43483,1,0.59
43484,0,0.04
43485,0,0.01
43486,0,0
43487,0,0
43488,0,0.2
43489,0,0
43490,0,0.08
43491,0,0.01
43492,0,0.02
43493,0,0.01
43494,0,0
43495,0,0.04
43496,0,0.29
43497,0,0
43498,1,0.66
43499,0,0.08
43500,0,0.01
43501,0,0
43502,0,0.37
43503,0,0.32
43504,1,0.54
43505,0,0.01
43506,0,0.17
43507,1,0.59
43508,0,0.02
43509,0,0
43510,0,0.09
43511,0,0.05
43512,0,0
43513,0,0.01
43514,0,0.01
43515,0,0
43516,0,0.01
43517,0,0.01
43518,0,0.01
43519,0,0.26
43520,0,0.01
43521,0,0.04
43522,0,0.04
43523,0,0.01
43524,0,0.03
43525,0,0.34
43526,0,0.3
43527,0,0.08
43528,0,0.01
43529,0,0.11
43530,0,0.01
43531,1,0.73
43532,0,0.04
43533,0,0.1
43534,0,0
43535,0,0.03
43536,0,0.08
43537,0,0
43538,0,0
43539,0,0.49
43540,0,0.03
43541,0,0.02
43542,0,0.47
43543,1,0.82
43544,0,0.09
43545,0,0.02
43546,0,0.05
43547,0,0.04
43548,0,0.42
43549,0,0.03
43550,0,0
43551,0,0.02
43552,0,0
43553,0,0
43554,0,0.02
43555,0,0.41
43556,0,0.01
43557,0,0.22
43558,0,0.04
43559,0,0
43560,0,0.2
43561,0,0
43562,0,0.08
43563,0,0.06
43564,0,0
43565,1,0.67
43566,0,0.42
43567,0,0.05
43568,0,0
43569,0,0.03
43570,0,0.03
43571,0,0
43572,0,0
43573,0,0.01
43574,0,0
43575,0,0.23
43576,0,0.23
43577,1,0.63
43578,0,0.07
43579,0,0.46
43580,0,0
43581,0,0
43582,0,0.03
43583,0,0.06
43584,0,0.01
43585,0,0.01
43586,0,0.23
43587,0,0.12
43588,0,0.13
43589,0,0.02
43590,0,0.41
43591,0,0.19
43592,0,0
43593,0,0.01
43594,0,0.04
43595,0,0.35
43596,0,0.02
43597,0,0
43598,0,0.01
43599,0,0.02
43600,0,0.01
43601,0,0.25
43602,1,0.6
43603,0,0.46
43604,0,0.03
43605,0,0
43606,0,0.33
43607,0,0
43608,0,0.07
43609,0,0
43610,0,0.01
43611,0,0.17
43612,0,0.1
43613,0,0
43614,0,0
43615,0,0.03
43616,0,0.01
43617,0,0.06
43618,0,0.24
43619,1,0.6
43620,0,0.03
43621,0,0.21
43622,0,0
43623,0,0.26
43624,0,0.01
43625,0,0.49
43626,0,0
43627,0,0.03
43628,0,0.41
43629,0,0.02
43630,0,0
43631,0,0
43632,0,0.27
43633,0,0.28
43634,0,0
43635,0,0.32
43636,0,0.04
43637,0,0
43638,0,0.03
43639,0,0
43640,0,0.34
43641,0,0.03
43642,0,0.03
43643,0,0.01
43644,0,0
43645,0,0.03
43646,0,0.02
43647,0,0.03
43648,0,0.04
43649,0,0.01
43650,0,0.01
43651,0,0
43652,0,0.35
43653,0,0.04
43654,0,0
43655,0,0.01
43656,0,0
43657,0,0.03
43658,0,0
43659,0,0.01
43660,0,0.1
43661,0,0.08
43662,0,0.02
43663,0,0
43664,0,0.02
43665,0,0.19
43666,0,0.17
43667,0,0.04
43668,0,0.2
43669,0,0
43670,0,0.16
43671,0,0.24
43672,0,0.04
43673,0,0
43674,0,0.08
43675,0,0
43676,0,0.4
43677,0,0.02
43678,0,0.11
43679,0,0.02
43680,0,0.06
43681,0,0.12
43682,0,0.05
43683,0,0.02
43684,0,0.18
43685,1,0.74
43686,0,0.06
43687,0,0.16
43688,0,0.07
43689,0,0
43690,0,0.44
43691,0,0
43692,0,0.04
43693,0,0.49
43694,0,0
43695,1,0.65
43696,0,0.01
43697,0,0.02
43698,0,0
43699,0,0.35
43700,0,0.01
43701,0,0.01
43702,0,0.39
43703,0,0
43704,0,0.03
43705,0,0.02
43706,1,0.63
43707,0,0.21
43708,0,0
43709,0,0
43710,0,0.01
43711,0,0
43712,0,0.01
43713,0,0.09
43714,0,0
43715,0,0.14
43716,0,0.02
43717,0,0.1
43718,1,0.56
43719,0,0.06
43720,0,0.01
43721,0,0.04
43722,0,0.05
43723,0,0.01
43724,0,0.48
43725,0,0
43726,0,0
43727,0,0.1
43728,0,0.02
43729,0,0.01
43730,0,0.01
43731,0,0.08
43732,0,0.03
43733,0,0.38
43734,0,0.08
43735,0,0
43736,0,0
43737,0,0
43738,0,0.01
43739,0,0
43740,0,0
43741,0,0.04
43742,0,0.49
43743,0,0
43744,0,0.11
43745,0,0.01
43746,0,0.01
43747,0,0.02
43748,0,0
43749,0,0.2
43750,0,0
43751,0,0.01
43752,0,0.03
43753,0,0.01
43754,0,0.01
43755,0,0.01
43756,0,0
43757,0,0.04
43758,0,0
43759,0,0
43760,0,0
43761,0,0
43762,0,0.1
43763,0,0.3
43764,0,0.21
43765,0,0.22
43766,0,0.15
43767,0,0.05
43768,0,0.04
43769,0,0.03
43770,0,0.3
43771,0,0.02
43772,0,0.01
43773,0,0.04
43774,0,0.04
43775,1,0.73
43776,0,0.1
43777,0,0.4
43778,0,0.05
43779,0,0.44
43780,0,0.01
43781,0,0.24
43782,0,0.25
43783,0,0.29
43784,0,0.03
43785,0,0.14
43786,0,0
43787,0,0.12
43788,0,0.07
43789,0,0.01
43790,0,0.03
43791,0,0.08
43792,0,0.06
43793,0,0.11
43794,0,0.02
43795,0,0.27
43796,0,0.09
43797,0,0.02
43798,0,0.1
43799,0,0.03
43800,0,0
43801,0,0
43802,0,0.02
43803,0,0.09
43804,0,0.02
43805,0,0.07
43806,0,0.01
43807,0,0.07
43808,0,0
43809,0,0.02
43810,0,0.49
43811,0,0.03
43812,0,0.01
43813,0,0.05
43814,0,0
43815,0,0.03
43816,0,0.01
43817,0,0.01
43818,0,0.09
43819,0,0.01
43820,0,0.11
43821,0,0.01
43822,0,0.1
43823,0,0.01
43824,0,0.02
43825,0,0.03
43826,0,0.09
43827,0,0.34
43828,0,0.04
43829,0,0.03
43830,0,0.01
43831,0,0.13
43832,0,0
43833,0,0.01
43834,0,0.02
43835,0,0.01
43836,0,0.03
43837,0,0.15
43838,0,0.01
43839,0,0
43840,0,0.02
43841,0,0.01
43842,0,0.27
43843,0,0
43844,0,0
43845,0,0.19
43846,0,0.03
43847,0,0
43848,0,0
43849,1,0.52
43850,0,0.03
43851,0,0.11
43852,0,0.11
43853,0,0.01
43854,0,0.01
43855,0,0.01
43856,0,0.23
43857,0,0.06
43858,0,0.01
43859,0,0.05
43860,0,0
43861,0,0.02
43862,0,0
43863,0,0
43864,0,0.01
43865,0,0.01
43866,0,0
43867,0,0.01
43868,0,0.12
43869,0,0.02
43870,0,0
43871,0,0
43872,0,0.04
43873,0,0.05
43874,0,0
43875,0,0.03
43876,0,0.02
43877,0,0.03
43878,0,0.02
43879,0,0.14
43880,0,0.05
43881,0,0
43882,0,0.31
43883,0,0
43884,0,0.2
43885,0,0.25
43886,0,0
43887,0,0.03
43888,0,0.02
43889,1,0.55
43890,0,0.04
43891,0,0.05
43892,0,0
43893,0,0.04
43894,0,0.01
43895,0,0
43896,0,0.03
43897,0,0.02
43898,0,0.05
43899,0,0
43900,0,0.46
43901,0,0.06
43902,0,0.01
43903,0,0.14
43904,0,0
43905,0,0.01
43906,0,0.04
43907,0,0.04
43908,0,0
43909,0,0.08
43910,0,0.01
43911,0,0
43912,0,0.27
43913,0,0.03
43914,0,0.02
43915,0,0.09
43916,0,0.05
43917,0,0.01
43918,0,0.15
43919,0,0
43920,0,0.04
43921,0,0.04
43922,0,0.03
43923,1,0.57
43924,0,0.03
43925,0,0.37
43926,0,0.04
43927,0,0.01
43928,0,0.01
43929,0,0.1
43930,1,0.65
43931,0,0.01
43932,0,0
43933,0,0.2
43934,0,0
43935,0,0.05
43936,0,0.4
43937,0,0.03
43938,0,0.01
43939,0,0.05
43940,0,0.01
43941,0,0.01
43942,0,0
43943,0,0.07
43944,0,0.1
43945,0,0.01
43946,0,0
43947,0,0
43948,0,0.34
43949,0,0
43950,0,0.38
43951,1,0.75
43952,0,0.11
43953,0,0.01
43954,0,0.1
43955,0,0.07
43956,0,0.05
43957,0,0.36
43958,0,0.04
43959,0,0
43960,0,0.01
43961,0,0.03
43962,1,0.65
43963,0,0.08
43964,0,0.01
43965,0,0.01
43966,0,0.06
43967,0,0.33
43968,0,0
43969,1,0.58
43970,0,0.47
43971,0,0.01
43972,1,0.68
43973,0,0.01
43974,0,0.02
43975,0,0.17
43976,0,0.01
43977,0,0
43978,0,0
43979,0,0.02
43980,0,0.04
43981,0,0.08
43982,0,0.01
43983,0,0.08
43984,0,0.13
43985,0,0
43986,0,0.03
43987,0,0.01
43988,0,0.09
43989,0,0
43990,0,0.01
43991,0,0.01
43992,0,0
43993,0,0.03
43994,0,0.11
43995,0,0.02
43996,0,0.48
43997,0,0.04
43998,0,0.26
43999,0,0.01
44000,0,0.09
44001,0,0
44002,0,0.03
44003,0,0.16
44004,0,0.39
44005,0,0.17
44006,0,0.13
44007,0,0.41
44008,0,0
44009,0,0.04
44010,0,0.1
44011,0,0.01
44012,0,0.15
44013,0,0.5
44014,0,0
44015,0,0.16
44016,0,0.02
44017,0,0.04
44018,0,0.02
44019,0,0
44020,0,0.28
44021,0,0
44022,0,0.01
44023,0,0.15
44024,0,0.3
44025,0,0.01
44026,0,0.03
44027,0,0
44028,0,0
44029,0,0.04
44030,0,0.19
44031,0,0
44032,0,0.14
44033,0,0.01
44034,0,0.01
44035,0,0.04
44036,0,0
44037,0,0.04
44038,0,0.01
44039,0,0.12
44040,0,0.29
44041,0,0
44042,0,0.27
44043,0,0.07
44044,0,0.07
44045,0,0
44046,0,0.01
44047,0,0.13
44048,0,0
44049,0,0.05
44050,0,0.01
44051,0,0.05
44052,0,0.01
44053,0,0.1
44054,0,0.02
44055,0,0.09
44056,0,0.16
44057,0,0.18
44058,1,0.6
44059,0,0.18
44060,0,0.03
44061,0,0
44062,0,0.16
44063,0,0
44064,0,0
44065,0,0
44066,0,0.01
44067,0,0.07
44068,0,0.16
44069,0,0.17
44070,0,0
44071,1,0.68
44072,0,0.11
44073,0,0.1
44074,0,0.04
44075,0,0.12
44076,0,0.03
44077,0,0.01
44078,0,0.37
44079,0,0.12
44080,0,0.09
44081,0,0.04
44082,0,0.11
44083,0,0.05
44084,0,0.02
44085,0,0.02
44086,0,0.05
44087,0,0.48
44088,0,0.02
44089,0,0.04
44090,0,0
44091,0,0.06
44092,0,0.06
44093,0,0.02
44094,0,0.02
44095,0,0.01
44096,0,0.01
44097,0,0.01
44098,0,0.01
44099,0,0.06
44100,0,0.02
44101,0,0.04
44102,0,0
44103,0,0.01
44104,0,0
44105,0,0.23
44106,0,0.08
44107,0,0
44108,0,0
44109,0,0.34
44110,0,0.01
44111,0,0.03
44112,0,0
44113,0,0.08
44114,0,0.02
44115,0,0.38
44116,0,0.3
44117,0,0
44118,0,0.21
44119,0,0.12
44120,0,0
44121,0,0.09
44122,0,0.19
44123,0,0.06
44124,0,0.4
44125,0,0.3
44126,0,0.45
44127,0,0
44128,0,0.13
44129,0,0.1
44130,0,0.01
44131,0,0.01
44132,0,0.04
44133,0,0.02
44134,0,0.05
44135,0,0.1
44136,0,0.04
44137,0,0
44138,0,0.04
44139,0,0
44140,0,0
44141,0,0.22
44142,0,0.03
44143,0,0
44144,0,0.03
44145,0,0.02
44146,0,0.03
44147,1,0.59
44148,0,0.01
44149,0,0
44150,0,0.21
44151,0,0.01
44152,0,0.17
44153,0,0.29
44154,0,0
44155,1,0.51
44156,0,0.02
44157,0,0.12
44158,0,0.03
44159,0,0.32
44160,0,0.01
44161,0,0.02
44162,0,0.01
44163,0,0.05
44164,0,0.02
44165,0,0
44166,0,0.03
44167,0,0.01
44168,0,0.02
44169,0,0
44170,0,0.04
44171,0,0.01
44172,0,0.1
44173,0,0.11
44174,0,0.01
44175,0,0
44176,0,0.02
44177,0,0.16
44178,0,0
44179,0,0.03
44180,0,0.25
44181,0,0.37
44182,0,0.02
44183,0,0.06
44184,0,0.14
44185,0,0.2
44186,0,0
44187,0,0.03
44188,0,0.04
44189,0,0
44190,0,0.02
44191,0,0
44192,0,0.05
44193,0,0
44194,0,0
44195,0,0
44196,0,0.05
44197,0,0
44198,0,0.02
44199,0,0
44200,0,0.02
44201,0,0.04
44202,0,0
44203,0,0.29
44204,0,0.01
44205,0,0.01
44206,0,0.01
44207,0,0
44208,0,0.38
44209,0,0.43
44210,0,0.07
44211,0,0.22
44212,0,0.04
44213,0,0.01
44214,0,0.49
44215,0,0.04
44216,0,0.01
44217,0,0
44218,0,0.08
44219,0,0.45
44220,0,0.01
44221,0,0.03
44222,0,0
44223,0,0.01
44224,0,0.35
44225,0,0.13
44226,0,0.06
44227,0,0.03
44228,0,0.02
44229,0,0.29
44230,0,0.24
44231,0,0
44232,0,0.04
44233,0,0
44234,0,0.07
44235,0,0.32
44236,0,0
44237,0,0
44238,0,0.01
44239,0,0.03
44240,0,0.07
44241,0,0.02
44242,0,0.01
44243,0,0.02
44244,0,0.01
44245,0,0.03
44246,0,0
44247,0,0.01
44248,0,0.35
44249,0,0
44250,0,0
44251,0,0.01
44252,0,0.31
44253,0,0.01
44254,0,0
44255,0,0
44256,0,0.01
44257,0,0.08
44258,0,0.01
44259,0,0
44260,0,0.04
44261,0,0.36
44262,0,0.41
44263,0,0.05
44264,0,0.16
44265,0,0.01
44266,0,0
44267,0,0
44268,0,0.06
44269,0,0
44270,0,0
44271,0,0.03
44272,0,0.48
44273,0,0.14
44274,0,0.16
44275,0,0.03
44276,0,0.03
44277,0,0.13
44278,0,0.05
44279,0,0.02
44280,0,0
44281,0,0
44282,0,0.5
44283,0,0.04
44284,0,0
44285,0,0
44286,0,0
44287,0,0.03
44288,0,0.03
44289,0,0.02
44290,0,0.01
44291,0,0.01
44292,0,0.41
44293,0,0.1
44294,0,0
44295,0,0.01
44296,0,0.01
44297,0,0.29
44298,0,0
44299,0,0.09
44300,0,0.09
44301,0,0.1
44302,0,0
44303,0,0.07
44304,0,0.02
44305,0,0.06
44306,0,0
44307,0,0.13
44308,0,0.03
44309,0,0.01
44310,0,0.09
44311,0,0.01
44312,0,0.01
44313,1,0.62
44314,1,0.58
44315,0,0.04
44316,0,0.06
44317,0,0.02
44318,0,0.04
44319,0,0
44320,0,0.01
44321,0,0.07
44322,0,0
44323,0,0
44324,0,0.38
44325,0,0.03
44326,0,0.02
44327,0,0
44328,0,0.27
44329,0,0.27
44330,0,0.01
44331,0,0.06
44332,1,0.55
44333,0,0.36
44334,0,0.01
44335,0,0.02
44336,0,0
44337,0,0.07
44338,0,0.01
44339,0,0.03
44340,0,0.01
44341,0,0.02
44342,0,0.08
44343,0,0.27
44344,0,0.01
44345,0,0.02
44346,0,0.29
44347,0,0.02
44348,0,0.03
44349,0,0.06
44350,0,0.17
44351,0,0.04
44352,0,0.05
44353,0,0.04
44354,0,0
44355,0,0.03
44356,0,0.04
44357,0,0
44358,0,0.01
44359,0,0.02
44360,0,0
44361,0,0.01
44362,0,0.38
44363,1,0.68
44364,0,0
44365,0,0.11
44366,0,0.07
44367,0,0.19
44368,0,0.12
44369,0,0
44370,0,0.01
44371,0,0.06
44372,0,0.1
44373,0,0.03
44374,0,0
44375,0,0
44376,0,0.02
44377,0,0.2
44378,0,0
44379,0,0.08
44380,0,0.34
44381,0,0
44382,0,0
44383,0,0.41
44384,0,0.02
44385,0,0.01
44386,1,0.58
44387,0,0.1
44388,0,0.03
44389,0,0.16
44390,0,0
44391,0,0.04
44392,0,0.03
44393,0,0.02
44394,0,0.02
44395,0,0.04
44396,0,0.03
44397,0,0.15
44398,0,0.12
44399,0,0.01
44400,0,0.1
44401,0,0.03
44402,0,0
44403,0,0.01
44404,0,0.12
44405,0,0.06
44406,0,0
44407,0,0.02
44408,0,0
44409,0,0.21
44410,0,0.28
44411,0,0
44412,0,0.03
44413,0,0
44414,0,0.09
44415,0,0.34
44416,0,0.05
44417,1,0.63
44418,0,0
44419,0,0.04
44420,0,0.04
44421,0,0
44422,0,0.08
44423,0,0.26
44424,0,0.13
44425,0,0
44426,0,0.03
44427,0,0.01
44428,0,0
44429,0,0.01
44430,0,0.02
44431,0,0.09
44432,0,0.28
44433,0,0.05
44434,0,0.02
44435,0,0
44436,0,0.01
44437,0,0.24
44438,0,0.33
44439,1,0.52
44440,1,0.69
44441,0,0
44442,0,0.21
44443,0,0.17
44444,0,0.01
44445,0,0.03
44446,1,0.66
44447,0,0.04
44448,0,0.03
44449,0,0.18
44450,0,0.13
44451,0,0.04
44452,0,0.06
44453,0,0.02
44454,0,0.01
44455,0,0
44456,0,0.15
44457,0,0.17
44458,0,0.03
44459,0,0.01
44460,0,0.04
44461,0,0.05
44462,0,0.06
44463,0,0.08
44464,1,0.68
44465,0,0.06
44466,0,0
44467,0,0.04
44468,0,0.01
44469,0,0.06
44470,0,0.18
44471,0,0.39
44472,0,0.02
44473,0,0.01
44474,0,0.01
44475,0,0.01
44476,0,0.01
44477,0,0.02
44478,0,0.08
44479,0,0.08
44480,0,0
44481,0,0.01
44482,0,0.05
44483,0,0.26
44484,0,0.06
44485,0,0
44486,0,0.01
44487,0,0.01
44488,0,0.03
44489,0,0.01
44490,0,0.43
44491,0,0
44492,0,0
44493,0,0.04
44494,0,0.01
44495,0,0.01
44496,0,0.06
44497,0,0.01
44498,1,0.55
44499,0,0
44500,0,0.01
44501,0,0.1
44502,0,0
44503,0,0.22
44504,0,0.25
44505,0,0.39
44506,0,0
44507,0,0.38
44508,1,0.9
44509,0,0.4
44510,0,0.03
44511,0,0.04
44512,0,0.03
44513,0,0.07
44514,0,0.01
44515,0,0.48
44516,0,0.04
44517,0,0.01
44518,0,0.02
44519,0,0.1
44520,0,0.03
44521,0,0.04
44522,0,0
44523,0,0.06
44524,0,0.02
44525,0,0
44526,0,0.1
44527,0,0
44528,0,0
44529,0,0.05
44530,0,0.02
44531,1,0.53
44532,0,0.04
44533,0,0.02
44534,0,0
44535,0,0
44536,0,0.24
44537,0,0.04
44538,0,0
44539,0,0
44540,0,0.01
44541,0,0.03
44542,0,0.04
44543,0,0
44544,0,0.27
44545,0,0.03
44546,0,0.14
44547,0,0
44548,0,0.32
44549,0,0.02
44550,0,0.01
44551,0,0.13
44552,0,0.37
44553,0,0.02
44554,0,0
44555,1,0.51
44556,0,0
44557,0,0
44558,0,0.04
44559,0,0.37
44560,1,0.52
44561,0,0
44562,0,0
44563,0,0.02
44564,0,0
44565,0,0.01
44566,0,0.01
44567,0,0
44568,0,0.06
44569,0,0.04
44570,1,0.62
44571,0,0
44572,0,0
44573,0,0.02
44574,0,0
44575,0,0
44576,0,0.15
44577,0,0.02
44578,0,0
44579,0,0.14
44580,1,0.83
44581,0,0.18
44582,0,0
44583,0,0
44584,1,0.55
44585,0,0
44586,0,0
44587,0,0
44588,0,0.06
44589,0,0.08
44590,0,0
44591,0,0.06
44592,1,0.6
44593,0,0.01
44594,0,0.02
44595,0,0.01
44596,0,0.08
44597,0,0.02
44598,1,0.62
44599,0,0.02
44600,0,0
44601,0,0.1
44602,0,0.04
44603,0,0.01
44604,0,0.02
44605,0,0.46
44606,0,0.09
44607,0,0.12
44608,0,0.07
44609,0,0
44610,0,0.04
44611,0,0.47
44612,0,0.12
44613,0,0.24
44614,0,0.02
44615,0,0.03
44616,0,0.02
44617,0,0.09
44618,0,0.05
44619,1,0.59
44620,0,0.02
44621,0,0
44622,0,0
44623,0,0.2
44624,0,0.31
44625,0,0.01
44626,0,0
44627,0,0.05
44628,1,0.6
44629,0,0.08
44630,1,0.6
44631,0,0.02
44632,0,0.43
44633,0,0.01
44634,0,0.43
44635,0,0.02
44636,1,0.67
44637,0,0.03
44638,0,0.02
44639,0,0.28
44640,0,0.03
44641,0,0
44642,0,0.01
44643,0,0.01
44644,0,0.46
44645,0,0.36
44646,0,0.11
44647,0,0
44648,0,0.01
44649,0,0.13
44650,0,0.01
44651,0,0
44652,0,0.01
44653,0,0
44654,0,0.03
44655,0,0.03
44656,0,0.04
44657,0,0
44658,0,0.06
44659,0,0.02
44660,0,0.06
44661,0,0.05
44662,0,0
44663,0,0.42
44664,0,0.01
44665,0,0.01
44666,0,0.14
44667,0,0.1
44668,0,0.16
44669,0,0
44670,0,0.08
44671,0,0.07
44672,0,0
44673,0,0.08
44674,0,0.19
44675,1,0.61
44676,0,0.11
44677,0,0.07
44678,0,0
44679,0,0.31
44680,0,0.03
44681,0,0.02
44682,1,0.68
44683,0,0
44684,0,0.01
44685,0,0.02
44686,0,0.08
44687,0,0
44688,1,0.58
44689,0,0.45
44690,0,0.14
44691,0,0.03
44692,0,0
44693,0,0.3
44694,0,0.01
44695,0,0.01
44696,0,0.02
44697,0,0.1
44698,0,0.04
44699,0,0
44700,0,0.04
44701,0,0.31
44702,0,0.27
44703,0,0.01
44704,0,0.16
44705,0,0.05
44706,0,0.08
44707,0,0.03
44708,0,0.23
44709,0,0.36
44710,0,0.38
44711,0,0
44712,0,0.01
44713,0,0.01
44714,1,0.55
44715,0,0.15
44716,0,0
44717,0,0.07
44718,1,0.7
44719,0,0.07
44720,0,0.03
44721,0,0
44722,0,0.36
44723,0,0.01
44724,0,0
44725,0,0
44726,0,0.03
44727,0,0
44728,0,0.01
44729,0,0.09
44730,0,0
44731,0,0.2
44732,0,0.05
44733,0,0.07
44734,0,0
44735,0,0
44736,0,0.02
44737,0,0.06
44738,0,0.39
44739,0,0.08
44740,0,0
44741,0,0
44742,0,0.06
44743,0,0.17
44744,0,0
44745,0,0
44746,0,0.02
44747,0,0.07
44748,0,0.02
44749,0,0.02
44750,0,0.03
44751,0,0.07
44752,0,0
44753,0,0.07
44754,0,0.07
44755,0,0.14
44756,0,0.02
44757,0,0.33
44758,0,0.03
44759,0,0.03
44760,0,0.07
44761,0,0.47
44762,0,0.07
44763,0,0.16
44764,0,0.03
44765,0,0.1
44766,0,0.02
44767,0,0.04
44768,0,0
44769,0,0.02
44770,0,0
44771,0,0.01
44772,0,0.02
44773,0,0
44774,0,0.01
44775,0,0.02
44776,0,0.01
44777,0,0.03
44778,0,0.3
44779,0,0
44780,1,0.63
44781,0,0.27
44782,0,0.08
44783,0,0.38
44784,0,0.09
44785,0,0.03
44786,0,0
44787,0,0.4
44788,1,0.56
44789,0,0.04
44790,0,0.35
44791,0,0.27
44792,0,0.23
44793,0,0
44794,0,0.07
44795,0,0.01
44796,0,0.05
44797,0,0.44
44798,0,0.01
44799,0,0.02
44800,0,0.5
44801,0,0.21
44802,0,0.08
44803,0,0.17
44804,1,0.53
44805,0,0.07
44806,0,0
44807,0,0.04
44808,0,0.01
44809,0,0.01
44810,0,0.07
44811,0,0.1
44812,0,0.38
44813,0,0.01
44814,0,0.32
44815,0,0
44816,0,0.12
44817,0,0
44818,0,0.37
44819,0,0
44820,0,0.17
44821,0,0.03
44822,0,0.02
44823,0,0.11
44824,0,0.04
44825,0,0.08
44826,0,0.01
44827,0,0.01
44828,0,0.03
44829,0,0.08
44830,0,0.01
44831,0,0.03
44832,0,0.03
44833,0,0.16
44834,0,0.49
44835,0,0.32
44836,0,0
44837,0,0.02
44838,0,0.29
44839,0,0
44840,0,0.07
44841,0,0.11
44842,0,0.23
44843,0,0.02
44844,0,0.05
44845,0,0.32
44846,0,0.13
44847,0,0.01
44848,0,0.03
44849,1,0.64
44850,0,0.13
44851,0,0.31
44852,0,0
44853,0,0.08
44854,0,0
44855,0,0.18
44856,0,0.05
44857,0,0
44858,0,0.04
44859,0,0
44860,0,0.09
44861,0,0.32
44862,0,0.04
44863,0,0.12
44864,0,0.3
44865,0,0.07
44866,0,0.03
44867,0,0.03
44868,0,0
44869,0,0.08
44870,0,0.02
44871,0,0
44872,0,0.29
44873,0,0.04
44874,0,0
44875,0,0.11
44876,0,0.02
44877,0,0
44878,0,0.01
44879,0,0.01
44880,0,0
44881,0,0.01
44882,0,0
44883,0,0.09
44884,0,0.05
44885,0,0
44886,0,0.04
44887,0,0.01
44888,0,0.03
44889,0,0.01
44890,0,0.04
44891,0,0.02
44892,0,0.03
44893,0,0
44894,0,0
44895,0,0.01
44896,0,0.29
44897,0,0.15
44898,0,0.21
44899,0,0.46
44900,0,0.2
44901,0,0.35
44902,0,0.35
44903,0,0
44904,0,0.02
44905,0,0.38
44906,0,0.01
44907,0,0.02
44908,0,0
44909,0,0.06
44910,0,0
44911,0,0.35
44912,0,0.11
44913,0,0.09
44914,0,0.02
44915,0,0
44916,0,0.01
44917,0,0.02
44918,0,0.01
44919,0,0.15
44920,0,0.03
44921,0,0.14
44922,0,0.41
44923,0,0.06
44924,0,0.19
44925,0,0.08
44926,0,0.01
44927,1,0.53
44928,0,0
44929,0,0.23
44930,0,0.06
44931,0,0.01
44932,0,0.17
44933,0,0.06
44934,0,0
44935,0,0.03
44936,1,0.59
44937,0,0.32
44938,0,0.1
44939,1,0.7
44940,0,0.14
44941,0,0.27
44942,0,0
44943,0,0.02
44944,0,0.06
44945,0,0.24
44946,0,0
44947,0,0
44948,0,0.13
44949,0,0
44950,0,0.04
44951,0,0
44952,0,0.04
44953,0,0
44954,0,0.06
44955,0,0.01
44956,0,0.02
44957,0,0.02
44958,0,0.1
44959,0,0.03
44960,0,0.01
44961,0,0
44962,0,0.01
44963,0,0.06
44964,0,0.02
44965,0,0.17
44966,0,0.04
44967,0,0.07
44968,0,0.03
44969,0,0.16
44970,0,0
44971,0,0.06
44972,1,0.55
44973,0,0
44974,0,0.05
44975,0,0.01
44976,0,0.03
44977,0,0.02
44978,0,0.01
44979,0,0.05
44980,0,0
44981,0,0.08
44982,0,0
44983,0,0.02
44984,0,0.08
44985,0,0.36
44986,0,0
44987,0,0
44988,0,0.37
44989,0,0.2
44990,0,0.15
44991,0,0
44992,0,0.01
44993,0,0.33
44994,0,0.06
44995,0,0.35
44996,0,0.09
44997,1,0.54
44998,0,0.01
44999,0,0